Position,Name + ID,Name,ID,Roster Position,Salary,Game Info,TeamAbbrev,AvgPointsPerGame,SlateDate,SlateName,SlateStartTime
SP,Tarik Skubal (1055775),Tarik Skubal,1055775,P,10400,,DET,0.0,2026-04-03,Early,2026-04-03 13:05 ET
SP,Dylan Cease (829000),Dylan Cease,829000,P,9900,,TOR,0.0,2026-04-03,Early,2026-04-03 13:05 ET
SP,Kevin Gausman (548347),Kevin Gausman,548347,P,9900,,TOR,0.0,2026-04-03,Early,2026-04-03 13:05 ET
SP,Garrett Crochet (1056039),Garrett Crochet,1056039,P,9700,,BOS,0.0,2026-04-03,Early,2026-04-03 13:05 ET
SP,Paul Skenes (1452064),Paul Skenes,1452064,P,9500,,PIT,0.0,2026-04-03,Early,2026-04-03 13:05 ET
SP,Yoshinobu Yamamoto (969448),Yoshinobu Yamamoto,969448,P,9300,,LAD,0.0,2026-04-03,Early,2026-04-03 13:05 ET
SP,Blake Snell (597786),Blake Snell,597786,P,9300,,LAD,0.0,2026-04-03,Early,2026-04-03 13:05 ET
SP,Framber Valdez (873146),Framber Valdez,873146,P,8900,,DET,0.0,2026-04-03,Early,2026-04-03 13:05 ET
SP,MacKenzie Gore (1054965),MacKenzie Gore,1054965,P,8800,,TEX,0.0,2026-04-03,Early,2026-04-03 13:05 ET
SP,Jacob deGrom (548447),Jacob deGrom,548447,P,8800,,TEX,0.0,2026-04-03,Early,2026-04-03 13:05 ET
SP,Nathan Eovaldi (455169),Nathan Eovaldi,455169,P,8800,,TEX,0.0,2026-04-03,Early,2026-04-03 13:05 ET
SP,Shane McClanahan (875827),Shane McClanahan,875827,P,8700,,TB,0.0,2026-04-03,Early,2026-04-03 13:05 ET
SP,Joe Ryan (829793),Joe Ryan,829793,P,8700,,MIN,0.0,2026-04-03,Early,2026-04-03 13:05 ET
SP,Max Fried (657860),Max Fried,657860,P,8700,,NYY,0.0,2026-04-03,Early,2026-04-03 13:05 ET
SP,Gerrit Cole (454389),Gerrit Cole,454389,P,8700,,NYY,0.0,2026-04-03,Early,2026-04-03 13:05 ET
SP,Cam Schlittler (1397686),Cam Schlittler,1397686,P,8700,,NYY,0.0,2026-04-03,Early,2026-04-03 13:05 ET
SP,Pablo Lopez (736473),Pablo Lopez,736473,P,8700,,MIN,0.0,2026-04-03,Early,2026-04-03 13:05 ET
SP,Aaron Nola (599230),Aaron Nola,599230,P,8600,,PHI,0.0,2026-04-03,Early,2026-04-03 13:05 ET
SP,Jesus Luzardo (917981),Jesus Luzardo,917981,P,8600,,PHI,0.0,2026-04-03,Early,2026-04-03 13:05 ET
SP,Zack Wheeler (500722),Zack Wheeler,500722,P,8600,,PHI,0.0,2026-04-03,Early,2026-04-03 13:05 ET
SP,Cristopher Sanchez (828749),Cristopher Sanchez,828749,P,8600,,PHI,0.0,2026-04-03,Early,2026-04-03 13:05 ET
SP,Andrew Painter (1311158),Andrew Painter,1311158,P,8600,,PHI,0.0,2026-04-03,Early,2026-04-03 13:05 ET
SP,Hunter Greene (1054964),Hunter Greene,1054964,P,8600,,CIN,0.0,2026-04-03,Early,2026-04-03 13:05 ET
SP,Chase Burns (1316805),Chase Burns,1316805,P,8600,,CIN,0.0,2026-04-03,Early,2026-04-03 13:05 ET
SP,Sonny Gray (455516),Sonny Gray,455516,P,8500,,BOS,0.0,2026-04-03,Early,2026-04-03 13:05 ET
RP,Bubba Chandler (1311161),Bubba Chandler,1311161,P,8500,,PIT,0.0,2026-04-03,Early,2026-04-03 13:05 ET
SP,Ranger Suarez (659551),Ranger Suarez,659551,P,8500,,BOS,0.0,2026-04-03,Early,2026-04-03 13:05 ET
SP,Trey Yesavage (1519320),Trey Yesavage,1519320,P,8400,,TOR,0.0,2026-04-03,Early,2026-04-03 13:05 ET
SP,Cody Ponce (856266),Cody Ponce,856266,P,8400,,TOR,0.0,2026-04-03,Early,2026-04-03 13:05 ET
SP,Max Scherzer (326473),Max Scherzer,326473,P,8400,,TOR,0.0,2026-04-03,Early,2026-04-03 13:05 ET
SP,Jose Berrios (657852),Jose Berrios,657852,P,8400,,TOR,0.0,2026-04-03,Early,2026-04-03 13:05 ET
SP,Kyle Bradish (1053080),Kyle Bradish,1053080,P,8300,,BAL,0.0,2026-04-03,Early,2026-04-03 13:05 ET
SP,Tyler Glasnow (597835),Tyler Glasnow,597835,P,8300,,LAD,0.0,2026-04-03,Early,2026-04-03 13:05 ET
SP,Roki Sasaki (1213511),Roki Sasaki,1213511,P,8300,,LAD,0.0,2026-04-03,Early,2026-04-03 13:05 ET
SP,Shane Baz (1054987),Shane Baz,1054987,P,8300,,BAL,0.0,2026-04-03,Early,2026-04-03 13:05 ET
SP,Trevor Rogers (1054988),Trevor Rogers,1054988,P,8300,,BAL,0.0,2026-04-03,Early,2026-04-03 13:05 ET
SP,Chris Bassitt (598294),Chris Bassitt,598294,P,8300,,BAL,0.0,2026-04-03,Early,2026-04-03 13:05 ET
SP,Zach Eflin (657853),Zach Eflin,657853,P,8300,,BAL,0.0,2026-04-03,Early,2026-04-03 13:05 ET
SP,Michael King (874220),Michael King,874220,P,8200,,SD,0.0,2026-04-03,Early,2026-04-03 13:05 ET
SP,Nick Pivetta (737889),Nick Pivetta,737889,P,8200,,SD,0.0,2026-04-03,Early,2026-04-03 13:05 ET
SP,Joe Musgrove (597766),Joe Musgrove,597766,P,8200,,SD,0.0,2026-04-03,Early,2026-04-03 13:05 ET
SP,Eury Perez (1284641),Eury Perez,1284641,P,8100,,MIA,0.0,2026-04-03,Early,2026-04-03 13:05 ET
SP,Max Meyer (1056032),Max Meyer,1056032,P,8100,,MIA,0.0,2026-04-03,Early,2026-04-03 13:05 ET
SP,Chris Paddack (875195),Chris Paddack,875195,P,8100,,MIA,0.0,2026-04-03,Early,2026-04-03 13:05 ET
SP,Sandy Alcantara (828383),Sandy Alcantara,828383,P,8100,,MIA,0.0,2026-04-03,Early,2026-04-03 13:05 ET
SP,Cade Horton (1217005),Cade Horton,1217005,P,8000,,CHC,0.0,2026-04-03,Early,2026-04-03 13:05 ET
SP,Edward Cabrera (920423),Edward Cabrera,920423,P,8000,,CHC,0.0,2026-04-03,Early,2026-04-03 13:05 ET
SP,Shota Imanaga (907357),Shota Imanaga,907357,P,8000,,CHC,0.0,2026-04-03,Early,2026-04-03 13:05 ET
SP,Justin Steele (828960),Justin Steele,828960,P,8000,,CHC,0.0,2026-04-03,Early,2026-04-03 13:05 ET
RP,Eric Lauer (738156),Eric Lauer,738156,P,7900,,TOR,0.0,2026-04-03,Early,2026-04-03 13:05 ET
SP,Shane Bieber (873698),Shane Bieber,873698,P,7900,,TOR,0.0,2026-04-03,Early,2026-04-03 13:05 ET
SP,Jack Flaherty (828681),Jack Flaherty,828681,P,7900,,DET,0.0,2026-04-03,Early,2026-04-03 13:05 ET
SP,Reese Olson (1119373),Reese Olson,1119373,P,7900,,DET,0.0,2026-04-03,Early,2026-04-03 13:05 ET
SP,Justin Verlander (277705),Justin Verlander,277705,P,7900,,DET,0.0,2026-04-03,Early,2026-04-03 13:05 ET
SP,Casey Mize (1118528),Casey Mize,1118528,P,7900,,DET,0.0,2026-04-03,Early,2026-04-03 13:05 ET
SP,Parker Messick (1396666),Parker Messick,1396666,P,7800,,CLE,0.0,2026-04-03,Early,2026-04-03 13:05 ET
SP,Tanner Bibee (1175983),Tanner Bibee,1175983,P,7800,,CLE,0.0,2026-04-03,Early,2026-04-03 13:05 ET
SP,Jack Leiter (1170293),Jack Leiter,1170293,P,7800,,TEX,0.0,2026-04-03,Early,2026-04-03 13:05 ET
SP,Will Warren (1318261),Will Warren,1318261,P,7700,,NYY,0.0,2026-04-03,Early,2026-04-03 13:05 ET
SP,Carlos Rodon (598286),Carlos Rodon,598286,P,7700,,NYY,0.0,2026-04-03,Early,2026-04-03 13:05 ET
SP,Zebby Matthews (1397708),Zebby Matthews,1397708,P,7700,,MIN,0.0,2026-04-03,Early,2026-04-03 13:05 ET
SP,Taj Bradley (1118895),Taj Bradley,1118895,P,7700,,MIN,0.0,2026-04-03,Early,2026-04-03 13:05 ET
SP,Clarke Schmidt (1054990),Clarke Schmidt,1054990,P,7700,,NYY,0.0,2026-04-03,Early,2026-04-03 13:05 ET
SP,Luis Gil (877821),Luis Gil,877821,P,7700,,NYY,0.0,2026-04-03,Early,2026-04-03 13:05 ET
SP,Brady Singer (874794),Brady Singer,874794,P,7600,,CIN,0.0,2026-04-03,Early,2026-04-03 13:05 ET
SP,Andrew Abbott (1056094),Andrew Abbott,1056094,P,7600,,CIN,0.0,2026-04-03,Early,2026-04-03 13:05 ET
SP,Nick Lodolo (917947),Nick Lodolo,917947,P,7600,,CIN,0.0,2026-04-03,Early,2026-04-03 13:05 ET
SP,Mitch Keller (828700),Mitch Keller,828700,P,7500,,PIT,0.0,2026-04-03,Early,2026-04-03 13:05 ET
SP,Connelly Early (1454916),Connelly Early,1454916,P,7500,,BOS,0.0,2026-04-03,Early,2026-04-03 13:05 ET
SP,Brayan Bello (1118133),Brayan Bello,1118133,P,7500,,BOS,0.0,2026-04-03,Early,2026-04-03 13:05 ET
RP,Braxton Ashcraft (1118814),Braxton Ashcraft,1118814,P,7500,,PIT,0.0,2026-04-03,Early,2026-04-03 13:05 ET
SP,Jared Jones (1217250),Jared Jones,1217250,P,7500,,PIT,0.0,2026-04-03,Early,2026-04-03 13:05 ET
SP,Emmet Sheehan (1318239),Emmet Sheehan,1318239,P,7300,,LAD,0.0,2026-04-03,Early,2026-04-03 13:05 ET
SP,Gavin Stone (1218087),Gavin Stone,1218087,P,7300,,LAD,0.0,2026-04-03,Early,2026-04-03 13:05 ET
SP,River Ryan (1318418),River Ryan,1318418,P,7300,,LAD,0.0,2026-04-03,Early,2026-04-03 13:05 ET
SP,Bobby Miller (1056152),Bobby Miller,1056152,P,7300,,LAD,0.0,2026-04-03,Early,2026-04-03 13:05 ET
SP,Davis Martin (915705),Davis Martin,915705,P,7300,,CWS,0.0,2026-04-03,Early,2026-04-03 13:05 ET
SP,Michael McGreevy (1316791),Michael McGreevy,1316791,P,7200,,STL,0.0,2026-04-03,Early,2026-04-03 13:05 ET
RP,Andre Pallante (1052952),Andre Pallante,1052952,P,7200,,STL,0.0,2026-04-03,Early,2026-04-03 13:05 ET
RP,Matthew Liberatore (1118529),Matthew Liberatore,1118529,P,7200,,STL,0.0,2026-04-03,Early,2026-04-03 13:05 ET
SP,Randy Vasquez (1122217),Randy Vasquez,1122217,P,7200,,SD,0.0,2026-04-03,Early,2026-04-03 13:05 ET
SP,Joe Boyle (1115489),Joe Boyle,1115489,P,7000,,TB,0.0,2026-04-03,Early,2026-04-03 13:05 ET
SP,Ryan Pepiot (1159873),Ryan Pepiot,1159873,P,7000,,TB,0.0,2026-04-03,Early,2026-04-03 13:05 ET
SP,Jake Irvin (876247),Jake Irvin,876247,P,7000,,WSH,0.0,2026-04-03,Early,2026-04-03 13:05 ET
SP,Matthew Boyd (621603),Matthew Boyd,621603,P,7000,,CHC,0.0,2026-04-03,Early,2026-04-03 13:05 ET
SP,Jameson Taillon (548151),Jameson Taillon,548151,P,7000,,CHC,0.0,2026-04-03,Early,2026-04-03 13:05 ET
SP,Foster Griffin (828674),Foster Griffin,828674,P,7000,,WSH,0.0,2026-04-03,Early,2026-04-03 13:05 ET
SP,Steven Matz (500832),Steven Matz,500832,P,7000,,TB,0.0,2026-04-03,Early,2026-04-03 13:05 ET
RP,Nick Martinez (599574),Nick Martinez,599574,P,7000,,TB,0.0,2026-04-03,Early,2026-04-03 13:05 ET
SP,Drew Rasmussen (829799),Drew Rasmussen,829799,P,7000,,TB,0.0,2026-04-03,Early,2026-04-03 13:05 ET
RP,Ian Seymour (1177851),Ian Seymour,1177851,P,7000,,TB,0.0,2026-04-03,Early,2026-04-03 13:05 ET
SP,Jackson Jobe (1310650),Jackson Jobe,1310650,P,6900,,DET,0.0,2026-04-03,Early,2026-04-03 13:05 ET
SP,Troy Melton (1316909),Troy Melton,1316909,P,6900,,DET,0.0,2026-04-03,Early,2026-04-03 13:05 ET
SP,Keider Montero (1053878),Keider Montero,1053878,P,6900,,DET,0.0,2026-04-03,Early,2026-04-03 13:05 ET
SP,Joey Cantillo (1055386),Joey Cantillo,1055386,P,6800,,CLE,0.0,2026-04-03,Early,2026-04-03 13:05 ET
SP,Slade Cecconi (1120061),Slade Cecconi,1120061,P,6800,,CLE,0.0,2026-04-03,Early,2026-04-03 13:05 ET
RP,Kolby Allard (874245),Kolby Allard,874245,P,6800,,CLE,0.0,2026-04-03,Early,2026-04-03 13:05 ET
SP,Logan Allen (1055420),Logan Allen,1055420,P,6800,,CLE,0.0,2026-04-03,Early,2026-04-03 13:05 ET
SP,Gavin Williams (1055792),Gavin Williams,1055792,P,6800,,CLE,0.0,2026-04-03,Early,2026-04-03 13:05 ET
SP,Kumar Rocker (1120214),Kumar Rocker,1120214,P,6800,,TEX,0.0,2026-04-03,Early,2026-04-03 13:05 ET
RP,Cody Bradford (1115937),Cody Bradford,1115937,P,6800,,TEX,0.0,2026-04-03,Early,2026-04-03 13:05 ET
SP,Jordan Montgomery (828875),Jordan Montgomery,828875,P,6800,,TEX,0.0,2026-04-03,Early,2026-04-03 13:05 ET
RP,Jacob Latz (829008),Jacob Latz,829008,P,6800,,TEX,0.0,2026-04-03,Early,2026-04-03 13:05 ET
RP,Jakob Junis (602414),Jakob Junis,602414,P,6800,,TEX,0.0,2026-04-03,Early,2026-04-03 13:05 ET
RP,Ben Brown (1056014),Ben Brown,1056014,P,6800,,CHC,0.0,2026-04-03,Early,2026-04-03 13:05 ET
SP,Javier Assad (920249),Javier Assad,920249,P,6800,,CHC,0.0,2026-04-03,Early,2026-04-03 13:05 ET
SP,Bailey Ober (918555),Bailey Ober,918555,P,6700,,MIN,0.0,2026-04-03,Early,2026-04-03 13:05 ET
SP,Marco Raya (1218023),Marco Raya,1218023,P,6700,,MIN,0.0,2026-04-03,Early,2026-04-03 13:05 ET
SP,Mick Abel (1216741),Mick Abel,1216741,P,6700,,MIN,0.0,2026-04-03,Early,2026-04-03 13:05 ET
RP,Matt Bowman (658240),Matt Bowman,658240,P,6700,,MIN,0.0,2026-04-03,Early,2026-04-03 13:05 ET
SP,Simeon Woods Richardson (1118813),Simeon Woods Richardson,1118813,P,6700,,MIN,0.0,2026-04-03,Early,2026-04-03 13:05 ET
SP,David Festa (1318574),David Festa,1318574,P,6700,,MIN,0.0,2026-04-03,Early,2026-04-03 13:05 ET
SP,Michael Lorenzen (548385),Michael Lorenzen,548385,P,6600,,COL,0.0,2026-04-03,Early,2026-04-03 13:05 ET
SP,Yoniel Curet (1390258),Yoniel Curet,1390258,P,6600,,PHI,0.0,2026-04-03,Early,2026-04-03 13:05 ET
SP,Alex McFarlane (1170381),Alex McFarlane,1170381,P,6600,,PHI,0.0,2026-04-03,Early,2026-04-03 13:05 ET
RP,Seth Johnson (1169574),Seth Johnson,1169574,P,6600,,PHI,0.0,2026-04-03,Early,2026-04-03 13:05 ET
RP,Jonathan Bowlan (1052760),Jonathan Bowlan,1052760,P,6600,,PHI,0.0,2026-04-03,Early,2026-04-03 13:05 ET
SP,Taijuan Walker (548165),Taijuan Walker,548165,P,6600,,PHI,0.0,2026-04-03,Early,2026-04-03 13:05 ET
SP,Rhett Lowder (1452074),Rhett Lowder,1452074,P,6600,,CIN,0.0,2026-04-03,Early,2026-04-03 13:05 ET
SP,Chase Petty (1316790),Chase Petty,1316790,P,6600,,CIN,0.0,2026-04-03,Early,2026-04-03 13:05 ET
SP,Ryan Feltner (875811),Ryan Feltner,875811,P,6600,,COL,0.0,2026-04-03,Early,2026-04-03 13:05 ET
SP,Tomoyuki Sugano (727370),Tomoyuki Sugano,727370,P,6600,,COL,0.0,2026-04-03,Early,2026-04-03 13:05 ET
SP,Kyle Freeland (599746),Kyle Freeland,599746,P,6600,,COL,0.0,2026-04-03,Early,2026-04-03 13:05 ET
1B/OF,Shohei Ohtani (727378),Shohei Ohtani,727378,1B/OF,6500,,LAD,0.0,2026-04-03,Early,2026-04-03 13:05 ET
1B/OF,Shohei Ohtani (727378),Shohei Ohtani,727378,1B/OF,6500,,LAD,0.0,2026-04-03,Early,2026-04-03 13:05 ET
SP,Tanner Houck (829037),Tanner Houck,829037,P,6500,,BOS,0.0,2026-04-03,Early,2026-04-03 13:05 ET
SP,Kutter Crawford (1055423),Kutter Crawford,1055423,P,6500,,BOS,0.0,2026-04-03,Early,2026-04-03 13:05 ET
SP,Patrick Sandoval (875337),Patrick Sandoval,875337,P,6500,,BOS,0.0,2026-04-03,Early,2026-04-03 13:05 ET
SP,Payton Tolle (1519497),Payton Tolle,1519497,P,6500,,BOS,0.0,2026-04-03,Early,2026-04-03 13:05 ET
SP,Johan Oviedo (922365),Johan Oviedo,922365,P,6500,,BOS,0.0,2026-04-03,Early,2026-04-03 13:05 ET
SP,Antwone Kelly (1437189),Antwone Kelly,1437189,P,6500,,PIT,0.0,2026-04-03,Early,2026-04-03 13:05 ET
SP,Jose Urquidy (879512),Jose Urquidy,879512,P,6500,,PIT,0.0,2026-04-03,Early,2026-04-03 13:05 ET
SP,Hunter Barco (1170407),Hunter Barco,1170407,P,6500,,PIT,0.0,2026-04-03,Early,2026-04-03 13:05 ET
SP,Thomas Harrington (1396597),Thomas Harrington,1396597,P,6500,,PIT,0.0,2026-04-03,Early,2026-04-03 13:05 ET
RP,Carmen Mlodzinski (1115821),Carmen Mlodzinski,1115821,P,6500,,PIT,0.0,2026-04-03,Early,2026-04-03 13:05 ET
OF,Aaron Judge (549847),Aaron Judge,549847,OF,6400,,NYY,0.0,2026-04-03,Early,2026-04-03 13:05 ET
SP,Sean Burke (1316942),Sean Burke,1316942,P,6300,,CWS,0.0,2026-04-03,Early,2026-04-03 13:05 ET
SP,Drew Thorpe (1396673),Drew Thorpe,1396673,P,6300,,CWS,0.0,2026-04-03,Early,2026-04-03 13:05 ET
RP,Sean Newcomb (709548),Sean Newcomb,709548,P,6300,,CWS,0.0,2026-04-03,Early,2026-04-03 13:05 ET
SP,Jonathan Cannon (1316954),Jonathan Cannon,1316954,P,6300,,CWS,0.0,2026-04-03,Early,2026-04-03 13:05 ET
RP,Mike Vasil (1177847),Mike Vasil,1177847,P,6300,,CWS,0.0,2026-04-03,Early,2026-04-03 13:05 ET
RP,Anthony Kay (738470),Anthony Kay,738470,P,6300,,CWS,0.0,2026-04-03,Early,2026-04-03 13:05 ET
RP,Shane Smith (1322830),Shane Smith,1322830,P,6300,,CWS,0.0,2026-04-03,Early,2026-04-03 13:05 ET
SP,Erick Fedde (599293),Erick Fedde,599293,P,6300,,CWS,0.0,2026-04-03,Early,2026-04-03 13:05 ET
SP,Tyler Wells (918346),Tyler Wells,918346,P,6300,,BAL,0.0,2026-04-03,Early,2026-04-03 13:05 ET
RP,Dietrich Enns (579749),Dietrich Enns,579749,P,6300,,BAL,0.0,2026-04-03,Early,2026-04-03 13:05 ET
SP,Dean Kremer (876350),Dean Kremer,876350,P,6300,,BAL,0.0,2026-04-03,Early,2026-04-03 13:05 ET
SP,Landon Knack (1217276),Landon Knack,1217276,P,6300,,LAD,0.0,2026-04-03,Early,2026-04-03 13:05 ET
SP,Justin Wrobleski (1120056),Justin Wrobleski,1120056,P,6300,,LAD,0.0,2026-04-03,Early,2026-04-03 13:05 ET
SP,Brandon Young (1284734),Brandon Young,1284734,P,6300,,BAL,0.0,2026-04-03,Early,2026-04-03 13:05 ET
SP,Cade Povich (1318199),Cade Povich,1318199,P,6300,,BAL,0.0,2026-04-03,Early,2026-04-03 13:05 ET
SP,Chayce McDermott (1316914),Chayce McDermott,1316914,P,6300,,BAL,0.0,2026-04-03,Early,2026-04-03 13:05 ET
RP,Albert Suarez (455792),Albert Suarez,455792,P,6300,,BAL,0.0,2026-04-03,Early,2026-04-03 13:05 ET
OF,Kyle Schwarber (709545),Kyle Schwarber,709545,OF,6200,,PHI,0.0,2026-04-03,Early,2026-04-03 13:05 ET
SP,Tekoah Roby (1217471),Tekoah Roby,1217471,P,6200,,STL,0.0,2026-04-03,Early,2026-04-03 13:05 ET
SP,Brycen Mautz (1396681),Brycen Mautz,1396681,P,6200,,STL,0.0,2026-04-03,Early,2026-04-03 13:05 ET
RP,Gordon Graceffo (1316771),Gordon Graceffo,1316771,P,6200,,STL,0.0,2026-04-03,Early,2026-04-03 13:05 ET
SP,Dustin May (917992),Dustin May,917992,P,6200,,STL,0.0,2026-04-03,Early,2026-04-03 13:05 ET
SP,Hunter Dobbins (1318255),Hunter Dobbins,1318255,P,6200,,STL,0.0,2026-04-03,Early,2026-04-03 13:05 ET
RP,Kyle Leahy (1119458),Kyle Leahy,1119458,P,6200,,STL,0.0,2026-04-03,Early,2026-04-03 13:05 ET
SP,Richard Fitts (1316898),Richard Fitts,1316898,P,6200,,STL,0.0,2026-04-03,Early,2026-04-03 13:05 ET
SP,Brandon Williamson (1120089),Brandon Williamson,1120089,P,6100,,CIN,0.0,2026-04-03,Early,2026-04-03 13:05 ET
RP,Janson Junk (1052937),Janson Junk,1052937,P,6100,,MIA,0.0,2026-04-03,Early,2026-04-03 13:05 ET
SP,Braxton Garrett (917923),Braxton Garrett,917923,P,6100,,MIA,0.0,2026-04-03,Early,2026-04-03 13:05 ET
SP,Dax Fulton (1217003),Dax Fulton,1217003,P,6100,,MIA,0.0,2026-04-03,Early,2026-04-03 13:05 ET
RP,Ryan Gusto (1169924),Ryan Gusto,1169924,P,6100,,MIA,0.0,2026-04-03,Early,2026-04-03 13:05 ET
SP,Adam Mazur (1396672),Adam Mazur,1396672,P,6100,,MIA,0.0,2026-04-03,Early,2026-04-03 13:05 ET
SP,Miles Mikolas (501497),Miles Mikolas,501497,P,6000,,WSH,0.0,2026-04-03,Early,2026-04-03 13:05 ET
1B,Vladimir Guerrero Jr. (920245),Vladimir Guerrero Jr.,920245,1B,6000,,TOR,0.0,2026-04-03,Early,2026-04-03 13:05 ET
SP,Josiah Gray (1115970),Josiah Gray,1115970,P,6000,,WSH,0.0,2026-04-03,Early,2026-04-03 13:05 ET
SP,DJ Herz (1169794),DJ Herz,1169794,P,6000,,WSH,0.0,2026-04-03,Early,2026-04-03 13:05 ET
SP,Jackson Rutledge (1169592),Jackson Rutledge,1169592,P,6000,,WSH,0.0,2026-04-03,Early,2026-04-03 13:05 ET
SP,Mitchell Parker (1119786),Mitchell Parker,1119786,P,6000,,WSH,0.0,2026-04-03,Early,2026-04-03 13:05 ET
RP,Brad Lord (1398122),Brad Lord,1398122,P,6000,,WSH,0.0,2026-04-03,Early,2026-04-03 13:05 ET
SP,Andrew Alvarez (1318476),Andrew Alvarez,1318476,P,6000,,WSH,0.0,2026-04-03,Early,2026-04-03 13:05 ET
SP,Trevor Williams (708217),Trevor Williams,708217,P,6000,,WSH,0.0,2026-04-03,Early,2026-04-03 13:05 ET
SP,Cade Cavalli (1055773),Cade Cavalli,1055773,P,6000,,WSH,0.0,2026-04-03,Early,2026-04-03 13:05 ET
RP,Zack Littell (737929),Zack Littell,737929,P,6000,,WSH,0.0,2026-04-03,Early,2026-04-03 13:05 ET
3B,Jose Ramirez (598784),Jose Ramirez,598784,3B,5900,,CLE,0.0,2026-04-03,Early,2026-04-03 13:05 ET
3B,Junior Caminero (1358467),Junior Caminero,1358467,3B,5800,,TB,0.0,2026-04-03,Early,2026-04-03 13:05 ET
RP,Colin Rea (578060),Colin Rea,578060,P,5800,,CHC,0.0,2026-04-03,Early,2026-04-03 13:05 ET
SS,Elly De La Cruz (1299668),Elly De La Cruz,1299668,SS,5700,,CIN,0.0,2026-04-03,Early,2026-04-03 13:05 ET
RP,Ryan Weathers (1118536),Ryan Weathers,1118536,P,5700,,NYY,0.0,2026-04-03,Early,2026-04-03 13:05 ET
RP,Ryan Yarbrough (738545),Ryan Yarbrough,738545,P,5700,,NYY,0.0,2026-04-03,Early,2026-04-03 13:05 ET
RP,Jhony Brito (916962),Jhony Brito,916962,P,5700,,SD,0.0,2026-04-03,Early,2026-04-03 13:05 ET
SP,Kyle Hart (918414),Kyle Hart,918414,P,5700,,SD,0.0,2026-04-03,Early,2026-04-03 13:05 ET
SP,JP Sears (1055285),JP Sears,1055285,P,5700,,SD,0.0,2026-04-03,Early,2026-04-03 13:05 ET
SP,Walker Buehler (658292),Walker Buehler,658292,P,5700,,SD,0.0,2026-04-03,Early,2026-04-03 13:05 ET
SP,German Marquez (656016),German Marquez,656016,P,5700,,SD,0.0,2026-04-03,Early,2026-04-03 13:05 ET
SP,Griffin Canning (829807),Griffin Canning,829807,P,5700,,SD,0.0,2026-04-03,Early,2026-04-03 13:05 ET
SP,Matt Waldron (1170065),Matt Waldron,1170065,P,5700,,SD,0.0,2026-04-03,Early,2026-04-03 13:05 ET
OF,Pete Crow-Armstrong (1216739),Pete Crow-Armstrong,1216739,OF,5600,,CHC,0.0,2026-04-03,Early,2026-04-03 13:05 ET
SP,Chase Dollander (1452070),Chase Dollander,1452070,P,5600,,COL,0.0,2026-04-03,Early,2026-04-03 13:05 ET
RP,Valente Bellozo (1118967),Valente Bellozo,1118967,P,5600,,COL,0.0,2026-04-03,Early,2026-04-03 13:05 ET
SP,Antonio Senzatela (657576),Antonio Senzatela,657576,P,5600,,COL,0.0,2026-04-03,Early,2026-04-03 13:05 ET
SP,McCade Brown (1316966),McCade Brown,1316966,P,5600,,COL,0.0,2026-04-03,Early,2026-04-03 13:05 ET
RP,Jose Quintana (505541),Jose Quintana,505541,P,5600,,COL,0.0,2026-04-03,Early,2026-04-03 13:05 ET
SP,Tanner Gordon (1169837),Tanner Gordon,1169837,P,5600,,COL,0.0,2026-04-03,Early,2026-04-03 13:05 ET
OF,Kyle Tucker (874240),Kyle Tucker,874240,OF,5500,,LAD,0.0,2026-04-03,Early,2026-04-03 13:05 ET
OF,George Springer (526414),George Springer,526414,OF,5500,,TOR,0.0,2026-04-03,Early,2026-04-03 13:05 ET
OF,Fernando Tatis Jr. (919910),Fernando Tatis Jr.,919910,OF,5400,,SD,0.0,2026-04-03,Early,2026-04-03 13:05 ET
SS,Gunnar Henderson (1169580),Gunnar Henderson,1169580,SS,5400,,BAL,0.0,2026-04-03,Early,2026-04-03 13:05 ET
OF,Roman Anthony (1396667),Roman Anthony,1396667,OF,5300,,BOS,0.0,2026-04-03,Early,2026-04-03 13:05 ET
1B,Pete Alonso (873981),Pete Alonso,873981,1B,5300,,BAL,0.0,2026-04-03,Early,2026-04-03 13:05 ET
OF,Byron Buxton (657851),Byron Buxton,657851,OF,5200,,MIN,0.0,2026-04-03,Early,2026-04-03 13:05 ET
SS,Trea Turner (599179),Trea Turner,599179,SS,5200,,PHI,0.0,2026-04-03,Early,2026-04-03 13:05 ET
1B,Michael Busch (1159671),Michael Busch,1159671,1B,5100,,CHC,0.0,2026-04-03,Early,2026-04-03 13:05 ET
OF,Jarren Duran (1118975),Jarren Duran,1118975,OF,5100,,BOS,0.0,2026-04-03,Early,2026-04-03 13:05 ET
1B,Bryce Harper (548033),Bryce Harper,548033,1B,5000,,PHI,0.0,2026-04-03,Early,2026-04-03 13:05 ET
3B,Manny Machado (548155),Manny Machado,548155,3B,5000,,SD,0.0,2026-04-03,Early,2026-04-03 13:05 ET
OF,Oneil Cruz (917318),Oneil Cruz,917318,OF,4900,,PIT,0.0,2026-04-03,Early,2026-04-03 13:05 ET
OF,James Wood (1316803),James Wood,1316803,OF,4900,,WSH,0.0,2026-04-03,Early,2026-04-03 13:05 ET
OF,Jakob Marsee (1397634),Jakob Marsee,1397634,OF,4800,,MIA,0.0,2026-04-03,Early,2026-04-03 13:05 ET
OF,Wilyer Abreu (1061668),Wilyer Abreu,1061668,OF,4800,,BOS,0.0,2026-04-03,Early,2026-04-03 13:05 ET
1B/3B,Yandy Diaz (823741),Yandy Diaz,823741,1B/3B,4700,,TB,0.0,2026-04-03,Early,2026-04-03 13:05 ET
1B/3B,Yandy Diaz (823741),Yandy Diaz,823741,1B/3B,4700,,TB,0.0,2026-04-03,Early,2026-04-03 13:05 ET
SS,Mookie Betts (597889),Mookie Betts,597889,SS,4700,,LAD,0.0,2026-04-03,Early,2026-04-03 13:05 ET
SS,CJ Abrams (1169578),CJ Abrams,1169578,SS,4600,,WSH,0.0,2026-04-03,Early,2026-04-03 13:05 ET
3B,Eugenio Suarez (505033),Eugenio Suarez,505033,3B,4600,,CIN,0.0,2026-04-03,Early,2026-04-03 13:05 ET
1B,Ben Rice (1318485),Ben Rice,1318485,1B,4600,,NYY,0.0,2026-04-03,Early,2026-04-03 13:05 ET
OF,Riley Greene (1169560),Riley Greene,1169560,OF,4500,,DET,0.0,2026-04-03,Early,2026-04-03 13:05 ET
OF,Daulton Varsho (1055059),Daulton Varsho,1055059,OF,4500,,TOR,0.0,2026-04-03,Early,2026-04-03 13:05 ET
SS,Corey Seager (657913),Corey Seager,657913,SS,4500,,TEX,0.0,2026-04-03,Early,2026-04-03 13:05 ET
1B,Freddie Freeman (390291),Freddie Freeman,390291,1B,4500,,LAD,0.0,2026-04-03,Early,2026-04-03 13:05 ET
3B,Kazuma Okamoto (862093),Kazuma Okamoto,862093,3B,4500,,TOR,0.0,2026-04-03,Early,2026-04-03 13:05 ET
OF,Jackson Merrill (1316945),Jackson Merrill,1316945,OF,4500,,SD,0.0,2026-04-03,Early,2026-04-03 13:05 ET
OF,Brandon Nimmo (597760),Brandon Nimmo,597760,OF,4400,,TEX,0.0,2026-04-03,Early,2026-04-03 13:05 ET
3B,Alex Bregman (659419),Alex Bregman,659419,3B,4400,,CHC,0.0,2026-04-03,Early,2026-04-03 13:05 ET
2B,Brandon Lowe (874181),Brandon Lowe,874181,2B,4400,,PIT,0.0,2026-04-03,Early,2026-04-03 13:05 ET
1B,Jonathan Aranda (919293),Jonathan Aranda,919293,1B,4400,,TB,0.0,2026-04-03,Early,2026-04-03 13:05 ET
OF,Bryan Reynolds (873683),Bryan Reynolds,873683,OF,4400,,PIT,0.0,2026-04-03,Early,2026-04-03 13:05 ET
OF,Kyle Stowers (1115829),Kyle Stowers,1115829,OF,4400,,MIA,0.0,2026-04-03,Early,2026-04-03 13:05 ET
OF,Cody Bellinger (737794),Cody Bellinger,737794,OF,4300,,NYY,0.0,2026-04-03,Early,2026-04-03 13:05 ET
2B,Luke Keaschall (1452631),Luke Keaschall,1452631,2B,4300,,MIN,0.0,2026-04-03,Early,2026-04-03 13:05 ET
OF,Taylor Ward (858832),Taylor Ward,858832,OF,4300,,BAL,0.0,2026-04-03,Early,2026-04-03 13:05 ET
C,Will Smith (873265),Will Smith,873265,C,4300,,LAD,0.0,2026-04-03,Early,2026-04-03 13:05 ET
OF,Steven Kwan (1054472),Steven Kwan,1054472,OF,4300,,CLE,0.0,2026-04-03,Early,2026-04-03 13:05 ET
1B,Munetaka Murakami (1097121),Munetaka Murakami,1097121,1B,4300,,CWS,0.0,2026-04-03,Early,2026-04-03 13:05 ET
3B,Alec Bohm (1053079),Alec Bohm,1053079,3B,4300,,PHI,0.0,2026-04-03,Early,2026-04-03 13:05 ET
OF,Giancarlo Stanton (390316),Giancarlo Stanton,390316,OF,4200,,NYY,0.0,2026-04-03,Early,2026-04-03 13:05 ET
OF,Wyatt Langford (1452066),Wyatt Langford,1452066,OF,4200,,TEX,0.0,2026-04-03,Early,2026-04-03 13:05 ET
OF,Teoscar Hernandez (596861),Teoscar Hernandez,596861,OF,4200,,LAD,0.0,2026-04-03,Early,2026-04-03 13:05 ET
C,Agustin Ramirez (1303601),Agustin Ramirez,1303601,C,4200,,MIA,0.0,2026-04-03,Early,2026-04-03 13:05 ET
1B,Alec Burleson (1176081),Alec Burleson,1176081,1B,4200,,STL,0.0,2026-04-03,Early,2026-04-03 13:05 ET
1B/OF,Ryan O'Hearn (829141),Ryan O'Hearn,829141,1B/OF,4200,,PIT,0.0,2026-04-03,Early,2026-04-03 13:05 ET
1B/OF,Ryan O'Hearn (829141),Ryan O'Hearn,829141,1B/OF,4200,,PIT,0.0,2026-04-03,Early,2026-04-03 13:05 ET
3B/SS,Kevin McGonigle (1452103),Kevin McGonigle,1452103,3B/SS,4200,,DET,0.0,2026-04-03,Early,2026-04-03 13:05 ET
3B/SS,Kevin McGonigle (1452103),Kevin McGonigle,1452103,3B/SS,4200,,DET,0.0,2026-04-03,Early,2026-04-03 13:05 ET
2B,Nico Hoerner (1054431),Nico Hoerner,1054431,2B,4200,,CHC,0.0,2026-04-03,Early,2026-04-03 13:05 ET
OF,Seiya Suzuki (727362),Seiya Suzuki,727362,OF,4200,,CHC,0.0,2026-04-03,Early,2026-04-03 13:05 ET
OF,Kerry Carpenter (1170084),Kerry Carpenter,1170084,OF,4100,,DET,0.0,2026-04-03,Early,2026-04-03 13:05 ET
SS,Trevor Story (597765),Trevor Story,597765,SS,4100,,BOS,0.0,2026-04-03,Early,2026-04-03 13:05 ET
OF,Daylen Lile (1316946),Daylen Lile,1316946,OF,4100,,WSH,0.0,2026-04-03,Early,2026-04-03 13:05 ET
OF,Ian Happ (827194),Ian Happ,827194,OF,4100,,CHC,0.0,2026-04-03,Early,2026-04-03 13:05 ET
OF,Chandler Simpson (1397039),Chandler Simpson,1397039,OF,4100,,TB,0.0,2026-04-03,Early,2026-04-03 13:05 ET
1B,Spencer Torkelson (1115993),Spencer Torkelson,1115993,1B,4100,,DET,0.0,2026-04-03,Early,2026-04-03 13:05 ET
2B,Xavier Edwards (1118808),Xavier Edwards,1118808,2B,4100,,MIA,0.0,2026-04-03,Early,2026-04-03 13:05 ET
1B/3B,Sal Stewart (1396685),Sal Stewart,1396685,1B/3B,4100,,CIN,0.0,2026-04-03,Early,2026-04-03 13:05 ET
1B/3B,Sal Stewart (1396685),Sal Stewart,1396685,1B/3B,4100,,CIN,0.0,2026-04-03,Early,2026-04-03 13:05 ET
C,Hunter Goodman (1177472),Hunter Goodman,1177472,C,4100,,COL,0.0,2026-04-03,Early,2026-04-03 13:05 ET
2B,Jazz Chisholm Jr. (919327),Jazz Chisholm Jr.,919327,2B,4000,,NYY,0.0,2026-04-03,Early,2026-04-03 13:05 ET
C,Adley Rutschman (918713),Adley Rutschman,918713,C,4000,,BAL,0.0,2026-04-03,Early,2026-04-03 13:05 ET
OF,Andy Pages (1118137),Andy Pages,1118137,OF,4000,,LAD,0.0,2026-04-03,Early,2026-04-03 13:05 ET
OF,Chase DeLauter (1396145),Chase DeLauter,1396145,OF,4000,,CLE,0.0,2026-04-03,Early,2026-04-03 13:05 ET
1B,Jake Burger (915698),Jake Burger,915698,1B,4000,,TEX,0.0,2026-04-03,Early,2026-04-03 13:05 ET
3B/SS,Colson Montgomery (1316789),Colson Montgomery,1316789,3B/SS,4000,,CWS,0.0,2026-04-03,Early,2026-04-03 13:05 ET
3B/SS,Colson Montgomery (1316789),Colson Montgomery,1316789,3B/SS,4000,,CWS,0.0,2026-04-03,Early,2026-04-03 13:05 ET
OF,Dylan Crews (1452063),Dylan Crews,1452063,OF,4000,,WSH,0.0,2026-04-03,Early,2026-04-03 13:05 ET
SP,Adam Macko (1169774),Adam Macko,1169774,P,4000,,TOR,0.0,2026-04-03,Early,2026-04-03 13:05 ET
RP,Kyle Hurt (1056038),Kyle Hurt,1056038,P,4000,,LAD,0.0,2026-04-03,Early,2026-04-03 13:05 ET
RP,Riley Martin (1318225),Riley Martin,1318225,P,4000,,CHC,0.0,2026-04-03,Early,2026-04-03 13:05 ET
RP,Luke Little (1217853),Luke Little,1217853,P,4000,,CHC,0.0,2026-04-03,Early,2026-04-03 13:05 ET
RP,Cooper Hjerpe (1396579),Cooper Hjerpe,1396579,P,4000,,STL,0.0,2026-04-03,Early,2026-04-03 13:05 ET
RP,Josh White (1397468),Josh White,1397468,P,4000,,MIA,0.0,2026-04-03,Early,2026-04-03 13:05 ET
SP,Ky Bush (1120120),Ky Bush,1120120,P,4000,,CWS,0.0,2026-04-03,Early,2026-04-03 13:05 ET
RP,Franco Aleman (1120028),Franco Aleman,1120028,P,4000,,CLE,0.0,2026-04-03,Early,2026-04-03 13:05 ET
SP,Jake Bennett (1171147),Jake Bennett,1171147,P,4000,,BOS,0.0,2026-04-03,Early,2026-04-03 13:05 ET
SP,Connor Prielipp (1171003),Connor Prielipp,1171003,P,4000,,MIN,0.0,2026-04-03,Early,2026-04-03 13:05 ET
RP,Jake Cousins (873609),Jake Cousins,873609,P,4000,,LAD,0.0,2026-04-03,Early,2026-04-03 13:05 ET
SP,Daniel Espino (1169599),Daniel Espino,1169599,P,4000,,CLE,0.0,2026-04-03,Early,2026-04-03 13:05 ET
SP,Julian Aguiar (1318483),Julian Aguiar,1318483,P,4000,,CIN,0.0,2026-04-03,Early,2026-04-03 13:05 ET
RP,Ronan Kopp (1318495),Ronan Kopp,1318495,P,4000,,LAD,0.0,2026-04-03,Early,2026-04-03 13:05 ET
RP,Cameron Foster (1397999),Cameron Foster,1397999,P,4000,,BAL,0.0,2026-04-03,Early,2026-04-03 13:05 ET
SP,Ty Madden (1119955),Ty Madden,1119955,P,4000,,DET,0.0,2026-04-03,Early,2026-04-03 13:05 ET
SP,Duncan Davitt (1398158),Duncan Davitt,1398158,P,4000,,CWS,0.0,2026-04-03,Early,2026-04-03 13:05 ET
SP,Jake Bloss (1454735),Jake Bloss,1454735,P,4000,,TOR,0.0,2026-04-03,Early,2026-04-03 13:05 ET
RP,Elmer Rodriguez (1318209),Elmer Rodriguez,1318209,P,4000,,NYY,0.0,2026-04-03,Early,2026-04-03 13:05 ET
SP,Luis Perales (1389966),Luis Perales,1389966,P,4000,,WSH,0.0,2026-04-03,Early,2026-04-03 13:05 ET
SP,Wilber Dotel (1299872),Wilber Dotel,1299872,P,4000,,PIT,0.0,2026-04-03,Early,2026-04-03 13:05 ET
RP,Ryan Harbin (1170023),Ryan Harbin,1170023,P,4000,,PIT,0.0,2026-04-03,Early,2026-04-03 13:05 ET
RP,Nick Raquet (1054382),Nick Raquet,1054382,P,4000,,STL,0.0,2026-04-03,Early,2026-04-03 13:05 ET
RP,Kervin Castro (916834),Kervin Castro,916834,P,4000,,NYY,0.0,2026-04-03,Early,2026-04-03 13:05 ET
RP,Prelander Berroa (1061720),Prelander Berroa,1061720,P,4000,,CWS,0.0,2026-04-03,Early,2026-04-03 13:05 ET
SP,Ricky Tiedemann (1216891),Ricky Tiedemann,1216891,P,4000,,TOR,0.0,2026-04-03,Early,2026-04-03 13:05 ET
SP,Kendry Rojas (1320696),Kendry Rojas,1320696,P,4000,,MIN,0.0,2026-04-03,Early,2026-04-03 13:05 ET
RP,RJ Petit (1318592),RJ Petit,1318592,P,4000,,COL,0.0,2026-04-03,Early,2026-04-03 13:05 ET
RP,Jeff Criswell (1056070),Jeff Criswell,1056070,P,4000,,COL,0.0,2026-04-03,Early,2026-04-03 13:05 ET
SP,John Klein (1405594),John Klein,1405594,P,4000,,MIN,0.0,2026-04-03,Early,2026-04-03 13:05 ET
SP,Austin Peterson (1397748),Austin Peterson,1397748,P,4000,,CLE,0.0,2026-04-03,Early,2026-04-03 13:05 ET
SP,Andrew Morris (1397566),Andrew Morris,1397566,P,4000,,MIN,0.0,2026-04-03,Early,2026-04-03 13:05 ET
SP,Tanner McDougal (1317003),Tanner McDougal,1317003,P,4000,,CWS,0.0,2026-04-03,Early,2026-04-03 13:05 ET
RP,Brusdar Graterol (873310),Brusdar Graterol,873310,P,4000,,LAD,0.0,2026-04-03,Early,2026-04-03 13:05 ET
SP,Emiliano Teodo (1300079),Emiliano Teodo,1300079,P,4000,,TEX,0.0,2026-04-03,Early,2026-04-03 13:05 ET
SP,Riley Cornelio (1318204),Riley Cornelio,1318204,P,4000,,WSH,0.0,2026-04-03,Early,2026-04-03 13:05 ET
SP,Gabriel Hughes (1396443),Gabriel Hughes,1396443,P,4000,,COL,0.0,2026-04-03,Early,2026-04-03 13:05 ET
SP,Winston Santos (1321341),Winston Santos,1321341,P,4000,,TEX,0.0,2026-04-03,Early,2026-04-03 13:05 ET
RP,Moises Chace (1313992),Moises Chace,1313992,P,4000,,PHI,0.0,2026-04-03,Early,2026-04-03 13:05 ET
SP,Jean Cabrera (1385981),Jean Cabrera,1385981,P,4000,,PHI,0.0,2026-04-03,Early,2026-04-03 13:05 ET
RP,Alex Cook (1397897),Alex Cook,1397897,P,4000,,TB,0.0,2026-04-03,Early,2026-04-03 13:05 ET
RP,Yorman Gomez (1389663),Yorman Gomez,1389663,P,4000,,CLE,0.0,2026-04-03,Early,2026-04-03 13:05 ET
RP,Brandan Bidois (1308436),Brandan Bidois,1308436,P,4000,,PIT,0.0,2026-04-03,Early,2026-04-03 13:05 ET
RP,William Kempner (1397418),William Kempner,1397418,P,4000,,MIA,0.0,2026-04-03,Early,2026-04-03 13:05 ET
RP,Tyler Samaniego (1318613),Tyler Samaniego,1318613,P,4000,,BOS,0.0,2026-04-03,Early,2026-04-03 13:05 ET
SP,Chase Hampton (1217254),Chase Hampton,1217254,P,4000,,NYY,0.0,2026-04-03,Early,2026-04-03 13:05 ET
RP,Lazaro Estrada (1118103),Lazaro Estrada,1118103,P,4000,,TOR,0.0,2026-04-03,Early,2026-04-03 13:05 ET
SP,David Davalillo (1449822),David Davalillo,1449822,P,4000,,TEX,0.0,2026-04-03,Early,2026-04-03 13:05 ET
RP,Garrett Hawkins (1318280),Garrett Hawkins,1318280,P,4000,,SD,0.0,2026-04-03,Early,2026-04-03 13:05 ET
SP,Miguel Mendez (1390300),Miguel Mendez,1390300,P,4000,,SD,0.0,2026-04-03,Early,2026-04-03 13:05 ET
SP,Leandro Lopez (1445345),Leandro Lopez,1445345,P,4000,,TEX,0.0,2026-04-03,Early,2026-04-03 13:05 ET
RP,Welinton Herrera (1449513),Welinton Herrera,1449513,P,4000,,COL,0.0,2026-04-03,Early,2026-04-03 13:05 ET
SP,Tyler Uberstine (1318757),Tyler Uberstine,1318757,P,4000,,BOS,0.0,2026-04-03,Early,2026-04-03 13:05 ET
RP,Cade Winquest (1317388),Cade Winquest,1317388,P,4000,,NYY,0.0,2026-04-03,Early,2026-04-03 13:05 ET
SP,Tink Hence (1216888),Tink Hence,1216888,P,4000,,STL,0.0,2026-04-03,Early,2026-04-03 13:05 ET
SP,Jake Miller (1397711),Jake Miller,1397711,P,4000,,DET,0.0,2026-04-03,Early,2026-04-03 13:05 ET
RP,David Sandlin (1397533),David Sandlin,1397533,P,4000,,CWS,0.0,2026-04-03,Early,2026-04-03 13:05 ET
SP,Jordan Wicks (1311156),Jordan Wicks,1311156,P,4000,,CHC,0.0,2026-04-03,Early,2026-04-03 13:05 ET
RP,Travis Adams (1318231),Travis Adams,1318231,P,4000,,MIN,0.0,2026-04-03,Early,2026-04-03 13:05 ET
RP,Steven Wilson (659017),Steven Wilson,659017,P,4000,,TB,0.0,2026-04-03,Early,2026-04-03 13:05 ET
SP,Jose Corniell (1262910),Jose Corniell,1262910,P,4000,,TEX,0.0,2026-04-03,Early,2026-04-03 13:05 ET
RP,Sawyer Gipson-Long (1169822),Sawyer Gipson-Long,1169822,P,4000,,DET,0.0,2026-04-03,Early,2026-04-03 13:05 ET
RP,Bowden Francis (918451),Bowden Francis,918451,P,4000,,TOR,0.0,2026-04-03,Early,2026-04-03 13:05 ET
SP,Bradley Blalock (1170798),Bradley Blalock,1170798,P,4000,,MIA,0.0,2026-04-03,Early,2026-04-03 13:05 ET
SP,Pierson Ohl (1318624),Pierson Ohl,1318624,P,4000,,COL,0.0,2026-04-03,Early,2026-04-03 13:05 ET
RP,Carson Palmquist (1396850),Carson Palmquist,1396850,P,4000,,COL,0.0,2026-04-03,Early,2026-04-03 13:05 ET
RP,Brendon Little (876266),Brendon Little,876266,P,4000,,TOR,0.0,2026-04-03,Early,2026-04-03 13:05 ET
RP,Grant Holman (1208058),Grant Holman,1208058,P,4000,,LAD,0.0,2026-04-03,Early,2026-04-03 13:05 ET
RP,Emilio Pagan (737885),Emilio Pagan,737885,P,4000,,CIN,0.0,2026-04-03,Early,2026-04-03 13:05 ET
RP,Peyton Pallette (1396594),Peyton Pallette,1396594,P,4000,,CLE,0.0,2026-04-03,Early,2026-04-03 13:05 ET
RP,Wikelman Gonzalez (1289825),Wikelman Gonzalez,1289825,P,4000,,CWS,0.0,2026-04-03,Early,2026-04-03 13:05 ET
RP,Anthony Nunez (1170506),Anthony Nunez,1170506,P,4000,,BAL,0.0,2026-04-03,Early,2026-04-03 13:05 ET
RP,Jose Espada (875064),Jose Espada,875064,P,4000,,BAL,0.0,2026-04-03,Early,2026-04-03 13:05 ET
RP,Jose Alvarado (656049),Jose Alvarado,656049,P,4000,,PHI,0.0,2026-04-03,Early,2026-04-03 13:05 ET
RP,Cam Booser (754843),Cam Booser,754843,P,4000,,TB,0.0,2026-04-03,Early,2026-04-03 13:05 ET
RP,Kyle Nicolas (1175951),Kyle Nicolas,1175951,P,4000,,CIN,0.0,2026-04-03,Early,2026-04-03 13:05 ET
RP,Angel Chivilli (1389909),Angel Chivilli,1389909,P,4000,,NYY,0.0,2026-04-03,Early,2026-04-03 13:05 ET
RP,Bryan Hoeing (876076),Bryan Hoeing,876076,P,4000,,SD,0.0,2026-04-03,Early,2026-04-03 13:05 ET
RP,Will Vest (1055308),Will Vest,1055308,P,4000,,DET,0.0,2026-04-03,Early,2026-04-03 13:05 ET
RP,Enmanuel De Jesus (828317),Enmanuel De Jesus,828317,P,4000,,DET,0.0,2026-04-03,Early,2026-04-03 13:05 ET
RP,Manuel Rodriguez (827607),Manuel Rodriguez,827607,P,4000,,TB,0.0,2026-04-03,Early,2026-04-03 13:05 ET
RP,Mason Englert (1118875),Mason Englert,1118875,P,4000,,TB,0.0,2026-04-03,Early,2026-04-03 13:05 ET
RP,Jaden Hill (1120084),Jaden Hill,1120084,P,4000,,COL,0.0,2026-04-03,Early,2026-04-03 13:05 ET
RP,Seth Halvorsen (1119988),Seth Halvorsen,1119988,P,4000,,COL,0.0,2026-04-03,Early,2026-04-03 13:05 ET
RP,Evan Sisk (1119494),Evan Sisk,1119494,P,4000,,PIT,0.0,2026-04-03,Early,2026-04-03 13:05 ET
RP,Caleb Ferguson (829827),Caleb Ferguson,829827,P,4000,,CIN,0.0,2026-04-03,Early,2026-04-03 13:05 ET
RP,Tanner Banks (829193),Tanner Banks,829193,P,4000,,PHI,0.0,2026-04-03,Early,2026-04-03 13:05 ET
RP,Yimi Garcia (506959),Yimi Garcia,506959,P,4000,,TOR,0.0,2026-04-03,Early,2026-04-03 13:05 ET
RP,Beau Brieske (1170435),Beau Brieske,1170435,P,4000,,DET,0.0,2026-04-03,Early,2026-04-03 13:05 ET
RP,Jhoan Duran (873347),Jhoan Duran,873347,P,4000,,PHI,0.0,2026-04-03,Early,2026-04-03 13:05 ET
RP,Julian Fernandez (737347),Julian Fernandez,737347,P,4000,,WSH,0.0,2026-04-03,Early,2026-04-03 13:05 ET
RP,Aroldis Chapman (523977),Aroldis Chapman,523977,P,4000,,BOS,0.0,2026-04-03,Early,2026-04-03 13:05 ET
RP,Jordan Hicks (875019),Jordan Hicks,875019,P,4000,,CWS,0.0,2026-04-03,Early,2026-04-03 13:05 ET
RP,Louis Varland (1169990),Louis Varland,1169990,P,4000,,TOR,0.0,2026-04-03,Early,2026-04-03 13:05 ET
RP,Bryan Hudson (874984),Bryan Hudson,874984,P,4000,,CWS,0.0,2026-04-03,Early,2026-04-03 13:05 ET
RP,George Soriano (917493),George Soriano,917493,P,4000,,STL,0.0,2026-04-03,Early,2026-04-03 13:05 ET
RP,Tyler Holton (915701),Tyler Holton,915701,P,4000,,DET,0.0,2026-04-03,Early,2026-04-03 13:05 ET
RP,Jeff Hoffman (709602),Jeff Hoffman,709602,P,4000,,TOR,0.0,2026-04-03,Early,2026-04-03 13:05 ET
RP,Marc Church (1170048),Marc Church,1170048,P,4000,,TEX,0.0,2026-04-03,Early,2026-04-03 13:05 ET
RP,Justin Topa (658926),Justin Topa,658926,P,4000,,MIN,0.0,2026-04-03,Early,2026-04-03 13:05 ET
RP,Ryan Helsley (874172),Ryan Helsley,874172,P,4000,,BAL,0.0,2026-04-03,Early,2026-04-03 13:05 ET
SP,Connor Phillips (1170933),Connor Phillips,1170933,P,4000,,CIN,0.0,2026-04-03,Early,2026-04-03 13:05 ET
RP,Bradgley Rodriguez (1507944),Bradgley Rodriguez,1507944,P,4000,,SD,0.0,2026-04-03,Early,2026-04-03 13:05 ET
RP,Calvin Faucher (1055238),Calvin Faucher,1055238,P,4000,,MIA,0.0,2026-04-03,Early,2026-04-03 13:05 ET
RP,Jovani Moran (875188),Jovani Moran,875188,P,4000,,BOS,0.0,2026-04-03,Early,2026-04-03 13:05 ET
RP,Carter Baumler (1217262),Carter Baumler,1217262,P,4000,,TEX,0.0,2026-04-03,Early,2026-04-03 13:05 ET
RP,Hunter Gaddis (1159673),Hunter Gaddis,1159673,P,4000,,CLE,0.0,2026-04-03,Early,2026-04-03 13:05 ET
RP,Victor Vodnik (1119394),Victor Vodnik,1119394,P,4000,,COL,0.0,2026-04-03,Early,2026-04-03 13:05 ET
RP,Will Klein (1217824),Will Klein,1217824,P,4000,,LAD,0.0,2026-04-03,Early,2026-04-03 13:05 ET
RP,Rico Garcia (918679),Rico Garcia,918679,P,4000,,BAL,0.0,2026-04-03,Early,2026-04-03 13:05 ET
RP,Yennier Cano (908679),Yennier Cano,908679,P,4000,,BAL,0.0,2026-04-03,Early,2026-04-03 13:05 ET
RP,Yaramil Hiraldo (1120183),Yaramil Hiraldo,1120183,P,4000,,BAL,0.0,2026-04-03,Early,2026-04-03 13:05 ET
RP,Robert Garcia (915840),Robert Garcia,915840,P,4000,,TEX,0.0,2026-04-03,Early,2026-04-03 13:05 ET
RP,Paul Blackburn (657872),Paul Blackburn,657872,P,4000,,NYY,0.0,2026-04-03,Early,2026-04-03 13:05 ET
RP,Colin Holderman (918172),Colin Holderman,918172,P,4000,,CLE,0.0,2026-04-03,Early,2026-04-03 13:05 ET
RP,Tommy Nance (919392),Tommy Nance,919392,P,4000,,TOR,0.0,2026-04-03,Early,2026-04-03 13:05 ET
RP,Kevin Kelly (1116143),Kevin Kelly,1116143,P,4000,,TB,0.0,2026-04-03,Early,2026-04-03 13:05 ET
RP,Alex Vesia (1119454),Alex Vesia,1119454,P,4000,,LAD,0.0,2026-04-03,Early,2026-04-03 13:05 ET
RP,Juan Mejia (1055596),Juan Mejia,1055596,P,4000,,COL,0.0,2026-04-03,Early,2026-04-03 13:05 ET
SP,Ken Waldichuk (1115814),Ken Waldichuk,1115814,P,4000,,WSH,0.0,2026-04-03,Early,2026-04-03 13:05 ET
RP,Brad Keller (737865),Brad Keller,737865,P,4000,,PHI,0.0,2026-04-03,Early,2026-04-03 13:05 ET
RP,Chase Lee (1318211),Chase Lee,1318211,P,4000,,TOR,0.0,2026-04-03,Early,2026-04-03 13:05 ET
RP,Cade Smith (1055378),Cade Smith,1055378,P,4000,,CLE,0.0,2026-04-03,Early,2026-04-03 13:05 ET
RP,Hunter Bigge (1169928),Hunter Bigge,1169928,P,4000,,TB,0.0,2026-04-03,Early,2026-04-03 13:05 ET
RP,Ryan Watson (918960),Ryan Watson,918960,P,4000,,BOS,0.0,2026-04-03,Early,2026-04-03 13:05 ET
RP,Ryne Stanek (548245),Ryne Stanek,548245,P,4000,,STL,0.0,2026-04-03,Early,2026-04-03 13:05 ET
RP,Connor Seabold (829464),Connor Seabold,829464,P,4000,,DET,0.0,2026-04-03,Early,2026-04-03 13:05 ET
RP,David Bednar (915715),David Bednar,915715,P,4000,,NYY,0.0,2026-04-03,Early,2026-04-03 13:05 ET
RP,Luis Curvelo (1123163),Luis Curvelo,1123163,P,4000,,TEX,0.0,2026-04-03,Early,2026-04-03 13:05 ET
RP,Yerry de los Santos (873562),Yerry de los Santos,873562,P,4000,,NYY,0.0,2026-04-03,Early,2026-04-03 13:05 ET
RP,Jordan Leasure (1318627),Jordan Leasure,1318627,P,4000,,CWS,0.0,2026-04-03,Early,2026-04-03 13:05 ET
RP,Colin Selby (1119477),Colin Selby,1119477,P,4000,,BAL,0.0,2026-04-03,Early,2026-04-03 13:05 ET
RP,Zach Agnos (1397733),Zach Agnos,1397733,P,4000,,COL,0.0,2026-04-03,Early,2026-04-03 13:05 ET
RP,Orlando Ribalta (1169909),Orlando Ribalta,1169909,P,4000,,WSH,0.0,2026-04-03,Early,2026-04-03 13:05 ET
RP,Phil Maton (875251),Phil Maton,875251,P,4000,,CHC,0.0,2026-04-03,Early,2026-04-03 13:05 ET
RP,Felix Bautista (737480),Felix Bautista,737480,P,4000,,BAL,0.0,2026-04-03,Early,2026-04-03 13:05 ET
RP,Edgardo Henriquez (1306205),Edgardo Henriquez,1306205,P,4000,,LAD,0.0,2026-04-03,Early,2026-04-03 13:05 ET
RP,John King (1055347),John King,1055347,P,4000,,MIA,0.0,2026-04-03,Early,2026-04-03 13:05 ET
RP,Cole Henry (1120010),Cole Henry,1120010,P,4000,,WSH,0.0,2026-04-03,Early,2026-04-03 13:05 ET
RP,Taylor Rogers (503168),Taylor Rogers,503168,P,4000,,MIN,0.0,2026-04-03,Early,2026-04-03 13:05 ET
RP,Tim Mayza (708779),Tim Mayza,708779,P,4000,,PHI,0.0,2026-04-03,Early,2026-04-03 13:05 ET
RP,JoJo Romero (917955),JoJo Romero,917955,P,4000,,STL,0.0,2026-04-03,Early,2026-04-03 13:05 ET
RP,Grant Taylor (1452639),Grant Taylor,1452639,P,4000,,CWS,0.0,2026-04-03,Early,2026-04-03 13:05 ET
RP,Zack Kelly (1057341),Zack Kelly,1057341,P,4000,,BOS,0.0,2026-04-03,Early,2026-04-03 13:05 ET
RP,Sam Moll (709023),Sam Moll,709023,P,4000,,CIN,0.0,2026-04-03,Early,2026-04-03 13:05 ET
RP,Hoby Milner (503539),Hoby Milner,503539,P,4000,,CHC,0.0,2026-04-03,Early,2026-04-03 13:05 ET
RP,Gregory Soto (737262),Gregory Soto,737262,P,4000,,PIT,0.0,2026-04-03,Early,2026-04-03 13:05 ET
RP,Matt Pushard (1402506),Matt Pushard,1402506,P,4000,,STL,0.0,2026-04-03,Early,2026-04-03 13:05 ET
RP,Cody Laweryson (1169942),Cody Laweryson,1169942,P,4000,,MIN,0.0,2026-04-03,Early,2026-04-03 13:05 ET
RP,Zach Maxwell (1170554),Zach Maxwell,1170554,P,4000,,CIN,0.0,2026-04-03,Early,2026-04-03 13:05 ET
RP,Jimmy Herget (658965),Jimmy Herget,658965,P,4000,,COL,0.0,2026-04-03,Early,2026-04-03 13:05 ET
RP,Seranthony Dominguez (657573),Seranthony Dominguez,657573,P,4000,,CWS,0.0,2026-04-03,Early,2026-04-03 13:05 ET
RP,Ryan Rolison (918949),Ryan Rolison,918949,P,4000,,CHC,0.0,2026-04-03,Early,2026-04-03 13:05 ET
RP,Lucas Sims (657914),Lucas Sims,657914,P,4000,,CWS,0.0,2026-04-03,Early,2026-04-03 13:05 ET
RP,Brent Headrick (1169810),Brent Headrick,1169810,P,4000,,NYY,0.0,2026-04-03,Early,2026-04-03 13:05 ET
RP,Tanner Scott (829027),Tanner Scott,829027,P,4000,,LAD,0.0,2026-04-03,Early,2026-04-03 13:05 ET
RP,Fernando Cruz (389855),Fernando Cruz,389855,P,4000,,NYY,0.0,2026-04-03,Early,2026-04-03 13:05 ET
RP,Max Lazar (1055275),Max Lazar,1055275,P,4000,,PHI,0.0,2026-04-03,Early,2026-04-03 13:05 ET
RP,Tyler Alexander (738285),Tyler Alexander,738285,P,4000,,TEX,0.0,2026-04-03,Early,2026-04-03 13:05 ET
RP,Yuki Matsui (820039),Yuki Matsui,820039,P,4000,,SD,0.0,2026-04-03,Early,2026-04-03 13:05 ET
RP,Danny Coulombe (455412),Danny Coulombe,455412,P,4000,,BOS,0.0,2026-04-03,Early,2026-04-03 13:05 ET
RP,Greg Weissert (918484),Greg Weissert,918484,P,4000,,BOS,0.0,2026-04-03,Early,2026-04-03 13:05 ET
RP,Jayvien Sandridge (1119896),Jayvien Sandridge,1119896,P,4000,,BAL,0.0,2026-04-03,Early,2026-04-03 13:05 ET
RP,Jeremiah Estrada (1055199),Jeremiah Estrada,1055199,P,4000,,SD,0.0,2026-04-03,Early,2026-04-03 13:05 ET
RP,Zak Kent (1169808),Zak Kent,1169808,P,4000,,MIN,0.0,2026-04-03,Early,2026-04-03 13:05 ET
RP,Orion Kerkering (1397530),Orion Kerkering,1397530,P,4000,,PHI,0.0,2026-04-03,Early,2026-04-03 13:05 ET
RP,Yohan Ramirez (922200),Yohan Ramirez,922200,P,4000,,PIT,0.0,2026-04-03,Early,2026-04-03 13:05 ET
RP,Kody Funderburk (1119425),Kody Funderburk,1119425,P,4000,,MIN,0.0,2026-04-03,Early,2026-04-03 13:05 ET
RP,Tyler Rogers (739036),Tyler Rogers,739036,P,4000,,TOR,0.0,2026-04-03,Early,2026-04-03 13:05 ET
RP,Yoendrys Gomez (1058316),Yoendrys Gomez,1058316,P,4000,,TB,0.0,2026-04-03,Early,2026-04-03 13:05 ET
RP,Mason Miller (1316890),Mason Miller,1316890,P,4000,,SD,0.0,2026-04-03,Early,2026-04-03 13:05 ET
RP,Shawn Armstrong (598951),Shawn Armstrong,598951,P,4000,,CLE,0.0,2026-04-03,Early,2026-04-03 13:05 ET
RP,Cole Sulser (738350),Cole Sulser,738350,P,4000,,TB,0.0,2026-04-03,Early,2026-04-03 13:05 ET
RP,Paxton Schultz (1169960),Paxton Schultz,1169960,P,4000,,WSH,0.0,2026-04-03,Early,2026-04-03 13:05 ET
RP,Ron Marinaccio (1055520),Ron Marinaccio,1055520,P,4000,,SD,0.0,2026-04-03,Early,2026-04-03 13:05 ET
RP,Brant Hurter (1159945),Brant Hurter,1159945,P,4000,,DET,0.0,2026-04-03,Early,2026-04-03 13:05 ET
RP,Bailey Horn (1218042),Bailey Horn,1218042,P,4000,,DET,0.0,2026-04-03,Early,2026-04-03 13:05 ET
RP,Isaac Mattson (915667),Isaac Mattson,915667,P,4000,,PIT,0.0,2026-04-03,Early,2026-04-03 13:05 ET
RP,Brenan Hanifee (917973),Brenan Hanifee,917973,P,4000,,DET,0.0,2026-04-03,Early,2026-04-03 13:05 ET
RP,Evan Phillips (658921),Evan Phillips,658921,P,4000,,LAD,0.0,2026-04-03,Early,2026-04-03 13:05 ET
RP,Caleb Thielbar (502074),Caleb Thielbar,502074,P,4000,,CHC,0.0,2026-04-03,Early,2026-04-03 13:05 ET
RP,Kenley Jansen (295200),Kenley Jansen,295200,P,4000,,DET,0.0,2026-04-03,Early,2026-04-03 13:05 ET
RP,Garrett Cleavinger (827423),Garrett Cleavinger,827423,P,4000,,TB,0.0,2026-04-03,Early,2026-04-03 13:05 ET
SP,Riley O'Brien (1055210),Riley O'Brien,1055210,P,4000,,STL,0.0,2026-04-03,Early,2026-04-03 13:05 ET
RP,Drew Sommers (1397847),Drew Sommers,1397847,P,4000,,DET,0.0,2026-04-03,Early,2026-04-03 13:05 ET
RP,Chris Roycroft (1393693),Chris Roycroft,1393693,P,4000,,STL,0.0,2026-04-03,Early,2026-04-03 13:05 ET
RP,Bryan Baker (739000),Bryan Baker,739000,P,4000,,TB,0.0,2026-04-03,Early,2026-04-03 13:05 ET
RP,PJ Poulin (1119319),PJ Poulin,1119319,P,4000,,WSH,0.0,2026-04-03,Early,2026-04-03 13:05 ET
RP,Camilo Doval (916835),Camilo Doval,916835,P,4000,,NYY,0.0,2026-04-03,Early,2026-04-03 13:05 ET
RP,Mason Montgomery (1120013),Mason Montgomery,1120013,P,4000,,PIT,0.0,2026-04-03,Early,2026-04-03 13:05 ET
RP,Andre Granillo (1318611),Andre Granillo,1318611,P,4000,,WSH,0.0,2026-04-03,Early,2026-04-03 13:05 ET
RP,Braydon Fisher (1118890),Braydon Fisher,1118890,P,4000,,TOR,0.0,2026-04-03,Early,2026-04-03 13:05 ET
RP,Edwin Uceta (921576),Edwin Uceta,921576,P,4000,,TB,0.0,2026-04-03,Early,2026-04-03 13:05 ET
RP,Matt Svanson (1318568),Matt Svanson,1318568,P,4000,,STL,0.0,2026-04-03,Early,2026-04-03 13:05 ET
RP,Edwin Diaz (657938),Edwin Diaz,657938,P,4000,,LAD,0.0,2026-04-03,Early,2026-04-03 13:05 ET
RP,Cionel Perez (954181),Cionel Perez,954181,P,4000,,WSH,0.0,2026-04-03,Early,2026-04-03 13:05 ET
RP,Jason Adam (548332),Jason Adam,548332,P,4000,,SD,0.0,2026-04-03,Early,2026-04-03 13:05 ET
RP,Drew Anderson (658613),Drew Anderson,658613,P,4000,,DET,0.0,2026-04-03,Early,2026-04-03 13:05 ET
RP,Connor Brogdon (739015),Connor Brogdon,739015,P,4000,,CLE,0.0,2026-04-03,Early,2026-04-03 13:05 ET
RP,Codi Heuer (1118896),Codi Heuer,1118896,P,4000,,CLE,0.0,2026-04-03,Early,2026-04-03 13:05 ET
RP,Chris Martin (596330),Chris Martin,596330,P,4000,,TEX,0.0,2026-04-03,Early,2026-04-03 13:05 ET
RP,Anthony Bender (918438),Anthony Bender,918438,P,4000,,MIA,0.0,2026-04-03,Early,2026-04-03 13:05 ET
RP,Tim Herrin (1054366),Tim Herrin,1054366,P,4000,,CLE,0.0,2026-04-03,Early,2026-04-03 13:05 ET
RP,Kyle Backhus (1324887),Kyle Backhus,1324887,P,4000,,PHI,0.0,2026-04-03,Early,2026-04-03 13:05 ET
RP,Andrew Walters (1397047),Andrew Walters,1397047,P,4000,,CLE,0.0,2026-04-03,Early,2026-04-03 13:05 ET
RP,Hunter Harvey (737510),Hunter Harvey,737510,P,4000,,CHC,0.0,2026-04-03,Early,2026-04-03 13:05 ET
RP,Jake Eder (1056049),Jake Eder,1056049,P,4000,,LAD,0.0,2026-04-03,Early,2026-04-03 13:05 ET
RP,Blake Treinen (549672),Blake Treinen,549672,P,4000,,LAD,0.0,2026-04-03,Early,2026-04-03 13:05 ET
RP,Justin Bruihl (1120966),Justin Bruihl,1120966,P,4000,,STL,0.0,2026-04-03,Early,2026-04-03 13:05 ET
RP,Griffin Jax (738570),Griffin Jax,738570,P,4000,,TB,0.0,2026-04-03,Early,2026-04-03 13:05 ET
RP,Matt Festa (918041),Matt Festa,918041,P,4000,,CLE,0.0,2026-04-03,Early,2026-04-03 13:05 ET
RP,Andrew Kittredge (577676),Andrew Kittredge,577676,P,4000,,BAL,0.0,2026-04-03,Early,2026-04-03 13:05 ET
RP,Justin Slaten (1169611),Justin Slaten,1169611,P,4000,,BOS,0.0,2026-04-03,Early,2026-04-03 13:05 ET
RP,Anthony Banda (599510),Anthony Banda,599510,P,4000,,MIN,0.0,2026-04-03,Early,2026-04-03 13:05 ET
RP,Brennan Bernardino (829409),Brennan Bernardino,829409,P,4000,,COL,0.0,2026-04-03,Early,2026-04-03 13:05 ET
RP,Garrett Whitlock (1052969),Garrett Whitlock,1052969,P,4000,,BOS,0.0,2026-04-03,Early,2026-04-03 13:05 ET
RP,Brock Stewart (550113),Brock Stewart,550113,P,4000,,LAD,0.0,2026-04-03,Early,2026-04-03 13:05 ET
RP,Michael Petersen (658475),Michael Petersen,658475,P,4000,,MIA,0.0,2026-04-03,Early,2026-04-03 13:05 ET
RP,Jack Dreyer (1116004),Jack Dreyer,1116004,P,4000,,LAD,0.0,2026-04-03,Early,2026-04-03 13:05 ET
RP,Keegan Akin (873980),Keegan Akin,873980,P,4000,,BAL,0.0,2026-04-03,Early,2026-04-03 13:05 ET
RP,Nolan Hoffman (1118891),Nolan Hoffman,1118891,P,4000,,PHI,0.0,2026-04-03,Early,2026-04-03 13:05 ET
RP,Alan Rangel (877578),Alan Rangel,877578,P,4000,,PHI,0.0,2026-04-03,Early,2026-04-03 13:05 ET
RP,Tyler Gilbert (875068),Tyler Gilbert,875068,P,4000,,CWS,0.0,2026-04-03,Early,2026-04-03 13:05 ET
RP,Paul Gervase (1397880),Paul Gervase,1397880,P,4000,,LAD,0.0,2026-04-03,Early,2026-04-03 13:05 ET
RP,Luis Peralta (1118675),Luis Peralta,1118675,P,4000,,COL,0.0,2026-04-03,Early,2026-04-03 13:05 ET
RP,Gavin Hollowell (1115754),Gavin Hollowell,1115754,P,4000,,CHC,0.0,2026-04-03,Early,2026-04-03 13:05 ET
RP,Tyler Phillips (875646),Tyler Phillips,875646,P,4000,,MIA,0.0,2026-04-03,Early,2026-04-03 13:05 ET
RP,Grant Wolfram (875752),Grant Wolfram,875752,P,4000,,BAL,0.0,2026-04-03,Early,2026-04-03 13:05 ET
RP,Cam Sanders (1055462),Cam Sanders,1055462,P,4000,,PIT,0.0,2026-04-03,Early,2026-04-03 13:05 ET
RP,Pete Fairbanks (827454),Pete Fairbanks,827454,P,4000,,MIA,0.0,2026-04-03,Early,2026-04-03 13:05 ET
RP,Adrian Morejon (969093),Adrian Morejon,969093,P,4000,,SD,0.0,2026-04-03,Early,2026-04-03 13:05 ET
RP,Ethan Roberts (1118886),Ethan Roberts,1118886,P,4000,,CHC,0.0,2026-04-03,Early,2026-04-03 13:05 ET
RP,David Morgan (1405041),David Morgan,1405041,P,4000,,SD,0.0,2026-04-03,Early,2026-04-03 13:05 ET
RP,Jesse Scholtens (918144),Jesse Scholtens,918144,P,4000,,TB,0.0,2026-04-03,Early,2026-04-03 13:05 ET
RP,Pierce Johnson (501771),Pierce Johnson,501771,P,4000,,CIN,0.0,2026-04-03,Early,2026-04-03 13:05 ET
RP,Eric Orze (1218063),Eric Orze,1218063,P,4000,,MIN,0.0,2026-04-03,Early,2026-04-03 13:05 ET
RP,Mason Fluharty (1397654),Mason Fluharty,1397654,P,4000,,TOR,0.0,2026-04-03,Early,2026-04-03 13:05 ET
RP,Shelby Miller (500730),Shelby Miller,500730,P,4000,,CHC,0.0,2026-04-03,Early,2026-04-03 13:05 ET
RP,Jalen Beeks (827439),Jalen Beeks,827439,P,4000,,TEX,0.0,2026-04-03,Early,2026-04-03 13:05 ET
RP,Porter Hodge (1169955),Porter Hodge,1169955,P,4000,,CHC,0.0,2026-04-03,Early,2026-04-03 13:05 ET
RP,Chris Murphy (1115918),Chris Murphy,1115918,P,4000,,CWS,0.0,2026-04-03,Early,2026-04-03 13:05 ET
RP,Justin Lawrence (875567),Justin Lawrence,875567,P,4000,,PIT,0.0,2026-04-03,Early,2026-04-03 13:05 ET
RP,Daniel Palencia (1289743),Daniel Palencia,1289743,P,4000,,CHC,0.0,2026-04-03,Early,2026-04-03 13:05 ET
RP,Cole Sands (875316),Cole Sands,875316,P,4000,,MIN,0.0,2026-04-03,Early,2026-04-03 13:05 ET
RP,Dennis Santana (737018),Dennis Santana,737018,P,4000,,PIT,0.0,2026-04-03,Early,2026-04-03 13:05 ET
RP,Chase Shugart (1053034),Chase Shugart,1053034,P,4000,,PHI,0.0,2026-04-03,Early,2026-04-03 13:05 ET
SP,Jose Franco (1286432),Jose Franco,1286432,P,4000,,CIN,0.0,2026-04-03,Early,2026-04-03 13:05 ET
RP,Ben Casparius (1209445),Ben Casparius,1209445,P,4000,,LAD,0.0,2026-04-03,Early,2026-04-03 13:05 ET
RP,Alek Jacob (1318696),Alek Jacob,1318696,P,4000,,SD,0.0,2026-04-03,Early,2026-04-03 13:05 ET
RP,Cole Winn (1118533),Cole Winn,1118533,P,4000,,TEX,0.0,2026-04-03,Early,2026-04-03 13:05 ET
RP,Luis Mey (1172008),Luis Mey,1172008,P,4000,,CIN,0.0,2026-04-03,Early,2026-04-03 13:05 ET
RP,Ty Adcock (1169790),Ty Adcock,1169790,P,4000,,SD,0.0,2026-04-03,Early,2026-04-03 13:05 ET
SP,Tony Santillan (874781),Tony Santillan,874781,P,4000,,CIN,0.0,2026-04-03,Early,2026-04-03 13:05 ET
RP,Ronny Henriquez (1118631),Ronny Henriquez,1118631,P,4000,,MIA,0.0,2026-04-03,Early,2026-04-03 13:05 ET
RP,Spencer Miles (1397624),Spencer Miles,1397624,P,4000,,TOR,0.0,2026-04-03,Early,2026-04-03 13:05 ET
RP,Clayton Beeter (1216886),Clayton Beeter,1216886,P,4000,,WSH,0.0,2026-04-03,Early,2026-04-03 13:05 ET
RP,Jake Bird (915697),Jake Bird,915697,P,4000,,NYY,0.0,2026-04-03,Early,2026-04-03 13:05 ET
RP,Lake Bachar (917993),Lake Bachar,917993,P,4000,,MIA,0.0,2026-04-03,Early,2026-04-03 13:05 ET
RP,Kyle Finnegan (708446),Kyle Finnegan,708446,P,4000,,DET,0.0,2026-04-03,Early,2026-04-03 13:05 ET
RP,Brandon Eisert (1170050),Brandon Eisert,1170050,P,4000,,CWS,0.0,2026-04-03,Early,2026-04-03 13:05 ET
RP,Jacob Webb (829328),Jacob Webb,829328,P,4000,,CHC,0.0,2026-04-03,Early,2026-04-03 13:05 ET
RP,Zach Pop (829370),Zach Pop,829370,P,4000,,PHI,0.0,2026-04-03,Early,2026-04-03 13:05 ET
RP,Erik Sabrowski (1119393),Erik Sabrowski,1119393,P,4000,,CLE,0.0,2026-04-03,Early,2026-04-03 13:05 ET
RP,Tim Hill (829603),Tim Hill,829603,P,4000,,NYY,0.0,2026-04-03,Early,2026-04-03 13:05 ET
RP,Ryan Fernandez (1119708),Ryan Fernandez,1119708,P,4000,,STL,0.0,2026-04-03,Early,2026-04-03 13:05 ET
RP,Wandy Peralta (549195),Wandy Peralta,549195,P,4000,,SD,0.0,2026-04-03,Early,2026-04-03 13:05 ET
RP,Graham Ashcraft (918274),Graham Ashcraft,918274,P,4000,,CIN,0.0,2026-04-03,Early,2026-04-03 13:05 ET
RP,Brock Burke (828798),Brock Burke,828798,P,4000,,CIN,0.0,2026-04-03,Early,2026-04-03 13:05 ET
RP,Joe Rock (1208492),Joe Rock,1208492,P,4000,,TB,0.0,2026-04-03,Early,2026-04-03 13:05 ET
RP,Andrew Nardi (1056265),Andrew Nardi,1056265,P,4000,,MIA,0.0,2026-04-03,Early,2026-04-03 13:05 ET
RP,Gus Varland (1119397),Gus Varland,1119397,P,4000,,WSH,0.0,2026-04-03,Early,2026-04-03 13:05 ET
RP,Cade Gibson (1397730),Cade Gibson,1397730,P,4000,,MIA,0.0,2026-04-03,Early,2026-04-03 13:05 ET
RP,Michel Otanez (932611),Michel Otanez,932611,P,4000,,TEX,0.0,2026-04-03,Early,2026-04-03 13:05 ET
OF,Ramon Laureano (829185),Ramon Laureano,829185,OF,3900,,SD,0.0,2026-04-03,Early,2026-04-03 13:05 ET
C,Alejandro Kirk (1071614),Alejandro Kirk,1071614,C,3900,,TOR,0.0,2026-04-03,Early,2026-04-03 13:05 ET
1B,Kyle Manzardo (1316947),Kyle Manzardo,1316947,1B,3900,,CLE,0.0,2026-04-03,Early,2026-04-03 13:05 ET
3B,Max Muncy (503373),Max Muncy,503373,3B,3900,,LAD,0.0,2026-04-03,Early,2026-04-03 13:05 ET
2B,Matt McLain (1118776),Matt McLain,1118776,2B,3900,,CIN,0.0,2026-04-03,Early,2026-04-03 13:05 ET
SS,Otto Lopez (1057489),Otto Lopez,1057489,SS,3900,,MIA,0.0,2026-04-03,Early,2026-04-03 13:05 ET
OF,TJ Friedl (943754),TJ Friedl,943754,OF,3800,,CIN,0.0,2026-04-03,Early,2026-04-03 13:05 ET
1B/3B,Colt Keith (1218036),Colt Keith,1218036,1B/3B,3800,,DET,0.0,2026-04-03,Early,2026-04-03 13:05 ET
1B/3B,Colt Keith (1218036),Colt Keith,1218036,1B/3B,3800,,DET,0.0,2026-04-03,Early,2026-04-03 13:05 ET
SS,Ezequiel Tovar (1123331),Ezequiel Tovar,1123331,SS,3800,,COL,0.0,2026-04-03,Early,2026-04-03 13:05 ET
2B,Chase Meidroth (1397618),Chase Meidroth,1397618,2B,3800,,CWS,0.0,2026-04-03,Early,2026-04-03 13:05 ET
C,Miguel Amaya (917354),Miguel Amaya,917354,C,3800,,CHC,0.0,2026-04-03,Early,2026-04-03 13:05 ET
3B,Jordan Westburg (1208127),Jordan Westburg,1208127,3B,3800,,BAL,0.0,2026-04-03,Early,2026-04-03 13:05 ET
3B/OF,Addison Barger (1118908),Addison Barger,1118908,3B/OF,3700,,TOR,0.0,2026-04-03,Early,2026-04-03 13:05 ET
3B/OF,Addison Barger (1118908),Addison Barger,1118908,3B/OF,3700,,TOR,0.0,2026-04-03,Early,2026-04-03 13:05 ET
1B,Willson Contreras (508176),Willson Contreras,508176,1B,3700,,BOS,0.0,2026-04-03,Early,2026-04-03 13:05 ET
2B,Bryson Stott (1115807),Bryson Stott,1115807,2B,3700,,PHI,0.0,2026-04-03,Early,2026-04-03 13:05 ET
OF,Evan Carter (1217874),Evan Carter,1217874,OF,3700,,TEX,0.0,2026-04-03,Early,2026-04-03 13:05 ET
C,Dillon Dingler (1216745),Dillon Dingler,1216745,C,3700,,DET,0.0,2026-04-03,Early,2026-04-03 13:05 ET
SS,Dansby Swanson (659260),Dansby Swanson,659260,SS,3700,,CHC,0.0,2026-04-03,Early,2026-04-03 13:05 ET
1B,Rhys Hoskins (827179),Rhys Hoskins,827179,1B,3600,,CLE,0.0,2026-04-03,Early,2026-04-03 13:05 ET
3B,Royce Lewis (1054963),Royce Lewis,1054963,3B,3600,,MIN,0.0,2026-04-03,Early,2026-04-03 13:05 ET
SS,Xander Bogaerts (550735),Xander Bogaerts,550735,SS,3600,,SD,0.0,2026-04-03,Early,2026-04-03 13:05 ET
2B,Gleyber Torres (830372),Gleyber Torres,830372,2B,3600,,DET,0.0,2026-04-03,Early,2026-04-03 13:05 ET
C,Keibert Ruiz (872528),Keibert Ruiz,872528,C,3600,,WSH,0.0,2026-04-03,Early,2026-04-03 13:05 ET
OF,Austin Martin (1056129),Austin Martin,1056129,OF,3600,,MIN,0.0,2026-04-03,Early,2026-04-03 13:05 ET
OF,Trent Grisham (874246),Trent Grisham,874246,OF,3500,,NYY,0.0,2026-04-03,Early,2026-04-03 13:05 ET
3B/OF,Daniel Schneemann (1119914),Daniel Schneemann,1119914,3B/OF,3500,,CLE,0.0,2026-04-03,Early,2026-04-03 13:05 ET
3B/OF,Daniel Schneemann (1119914),Daniel Schneemann,1119914,3B/OF,3500,,CLE,0.0,2026-04-03,Early,2026-04-03 13:05 ET
C,Ivan Herrera (1053621),Ivan Herrera,1053621,C,3500,,STL,0.0,2026-04-03,Early,2026-04-03 13:05 ET
OF,Tyler O'Neill (737633),Tyler O'Neill,737633,OF,3500,,BAL,0.0,2026-04-03,Early,2026-04-03 13:05 ET
C,J.T. Realmuto (548255),J.T. Realmuto,548255,C,3500,,PHI,0.0,2026-04-03,Early,2026-04-03 13:05 ET
2B/3B,Ernie Clement (915732),Ernie Clement,915732,2B/3B,3500,,TOR,0.0,2026-04-03,Early,2026-04-03 13:05 ET
2B/3B,Ernie Clement (915732),Ernie Clement,915732,2B/3B,3500,,TOR,0.0,2026-04-03,Early,2026-04-03 13:05 ET
OF,Griffin Conine (876060),Griffin Conine,876060,OF,3500,,MIA,0.0,2026-04-03,Early,2026-04-03 13:05 ET
SS,Konnor Griffin (1519318),Konnor Griffin,1519318,SS,3500,,PIT,0.0,2026-04-03,Early,2026-04-03 13:05 ET
1B/2B,Romy Gonzalez (1119472),Romy Gonzalez,1119472,1B/2B,3500,,BOS,0.0,2026-04-03,Early,2026-04-03 13:05 ET
1B/2B,Romy Gonzalez (1119472),Romy Gonzalez,1119472,1B/2B,3500,,BOS,0.0,2026-04-03,Early,2026-04-03 13:05 ET
C,Tyler Stephenson (874242),Tyler Stephenson,874242,C,3400,,CIN,0.0,2026-04-03,Early,2026-04-03 13:05 ET
1B/3B,Miguel Vargas (1120962),Miguel Vargas,1120962,1B/3B,3400,,CWS,0.0,2026-04-03,Early,2026-04-03 13:05 ET
1B/3B,Miguel Vargas (1120962),Miguel Vargas,1120962,1B/3B,3400,,CWS,0.0,2026-04-03,Early,2026-04-03 13:05 ET
2B,Jake Cronenworth (857694),Jake Cronenworth,857694,2B,3400,,SD,0.0,2026-04-03,Early,2026-04-03 13:05 ET
1B,Josh Bell (597768),Josh Bell,597768,1B,3400,,MIN,0.0,2026-04-03,Early,2026-04-03 13:05 ET
3B/OF,Zach McKinstry (918920),Zach McKinstry,918920,3B/OF,3400,,DET,0.0,2026-04-03,Early,2026-04-03 13:05 ET
3B/OF,Zach McKinstry (918920),Zach McKinstry,918920,3B/OF,3400,,DET,0.0,2026-04-03,Early,2026-04-03 13:05 ET
OF,Will Benson (917927),Will Benson,917927,OF,3400,,CIN,0.0,2026-04-03,Early,2026-04-03 13:05 ET
2B/SS,Nasim Nunez (1169584),Nasim Nunez,1169584,2B/SS,3400,,WSH,0.0,2026-04-03,Early,2026-04-03 13:05 ET
2B/SS,Nasim Nunez (1169584),Nasim Nunez,1169584,2B/SS,3400,,WSH,0.0,2026-04-03,Early,2026-04-03 13:05 ET
OF,Jesus Sanchez (872787),Jesus Sanchez,872787,OF,3400,,TOR,0.0,2026-04-03,Early,2026-04-03 13:05 ET
OF,Adolis Garcia (908695),Adolis Garcia,908695,OF,3400,,PHI,0.0,2026-04-03,Early,2026-04-03 13:05 ET
OF,Andrew McCutchen (290131),Andrew McCutchen,290131,OF,3400,,TEX,0.0,2026-04-03,Early,2026-04-03 13:05 ET
2B,Jackson Holliday (1396122),Jackson Holliday,1396122,2B,3400,,BAL,0.0,2026-04-03,Early,2026-04-03 13:05 ET
2B,Tommy Edman (873704),Tommy Edman,873704,2B,3400,,LAD,0.0,2026-04-03,Early,2026-04-03 13:05 ET
OF,Lars Nootbaar (1054524),Lars Nootbaar,1054524,OF,3400,,STL,0.0,2026-04-03,Early,2026-04-03 13:05 ET
OF,Noelvi Marte (1157638),Noelvi Marte,1157638,OF,3300,,CIN,0.0,2026-04-03,Early,2026-04-03 13:05 ET
3B,Brady House (1310670),Brady House,1310670,3B,3300,,WSH,0.0,2026-04-03,Early,2026-04-03 13:05 ET
C,Bo Naylor (1118787),Bo Naylor,1118787,C,3300,,CLE,0.0,2026-04-03,Early,2026-04-03 13:05 ET
OF,Nathan Lukes (875215),Nathan Lukes,875215,OF,3300,,TOR,0.0,2026-04-03,Early,2026-04-03 13:05 ET
1B/3B,Connor Norby (1316813),Connor Norby,1316813,1B/3B,3300,,MIA,0.0,2026-04-03,Early,2026-04-03 13:05 ET
1B/3B,Connor Norby (1316813),Connor Norby,1316813,1B/3B,3300,,MIA,0.0,2026-04-03,Early,2026-04-03 13:05 ET
1B/OF,Gavin Sheets (829797),Gavin Sheets,829797,1B/OF,3300,,SD,0.0,2026-04-03,Early,2026-04-03 13:05 ET
1B/OF,Gavin Sheets (829797),Gavin Sheets,829797,1B/OF,3300,,SD,0.0,2026-04-03,Early,2026-04-03 13:05 ET
OF,Austin Hays (874219),Austin Hays,874219,OF,3300,,CWS,0.0,2026-04-03,Early,2026-04-03 13:05 ET
2B,JJ Wetherholt (1517410),JJ Wetherholt,1517410,2B,3300,,STL,0.0,2026-04-03,Early,2026-04-03 13:05 ET
1B/2B,Kody Clemens (876200),Kody Clemens,876200,1B/2B,3300,,MIN,0.0,2026-04-03,Early,2026-04-03 13:05 ET
1B/2B,Kody Clemens (876200),Kody Clemens,876200,1B/2B,3300,,MIN,0.0,2026-04-03,Early,2026-04-03 13:05 ET
C,Samuel Basallo (1389094),Samuel Basallo,1389094,C,3300,,BAL,0.0,2026-04-03,Early,2026-04-03 13:05 ET
3B/SS,Jose Caballero (1055204),Jose Caballero,1055204,3B/SS,3300,,NYY,0.0,2026-04-03,Early,2026-04-03 13:05 ET
3B/SS,Jose Caballero (1055204),Jose Caballero,1055204,3B/SS,3300,,NYY,0.0,2026-04-03,Early,2026-04-03 13:05 ET
3B/OF,Kike Hernandez (501542),Kike Hernandez,501542,3B/OF,3300,,LAD,0.0,2026-04-03,Early,2026-04-03 13:05 ET
3B/OF,Kike Hernandez (501542),Kike Hernandez,501542,3B/OF,3300,,LAD,0.0,2026-04-03,Early,2026-04-03 13:05 ET
OF,Brenton Doyle (1169634),Brenton Doyle,1169634,OF,3200,,COL,0.0,2026-04-03,Early,2026-04-03 13:05 ET
OF,Joey Wiemer (1176044),Joey Wiemer,1176044,OF,3200,,WSH,0.0,2026-04-03,Early,2026-04-03 13:05 ET
C,Carson Kelly (657963),Carson Kelly,657963,C,3200,,CHC,0.0,2026-04-03,Early,2026-04-03 13:05 ET
1B/C,Liam Hicks (1318265),Liam Hicks,1318265,1B/C,3200,,MIA,0.0,2026-04-03,Early,2026-04-03 13:05 ET
1B/C,Liam Hicks (1318265),Liam Hicks,1318265,1B/C,3200,,MIA,0.0,2026-04-03,Early,2026-04-03 13:05 ET
1B,Spencer Horwitz (1115496),Spencer Horwitz,1115496,1B,3200,,PIT,0.0,2026-04-03,Early,2026-04-03 13:05 ET
OF,Brandon Marsh (917944),Brandon Marsh,917944,OF,3200,,PHI,0.0,2026-04-03,Early,2026-04-03 13:05 ET
2B/OF,Tyler Freeman (1055061),Tyler Freeman,1055061,2B/OF,3200,,COL,0.0,2026-04-03,Early,2026-04-03 13:05 ET
2B/OF,Tyler Freeman (1055061),Tyler Freeman,1055061,2B/OF,3200,,COL,0.0,2026-04-03,Early,2026-04-03 13:05 ET
2B/OF,Richie Palacios (1052839),Richie Palacios,1052839,2B/OF,3200,,TB,0.0,2026-04-03,Early,2026-04-03 13:05 ET
2B/OF,Richie Palacios (1052839),Richie Palacios,1052839,2B/OF,3200,,TB,0.0,2026-04-03,Early,2026-04-03 13:05 ET
SS,Andres Gimenez (917114),Andres Gimenez,917114,SS,3200,,TOR,0.0,2026-04-03,Early,2026-04-03 13:05 ET
OF,Mickey Moniak (917920),Mickey Moniak,917920,OF,3200,,COL,0.0,2026-04-03,Early,2026-04-03 13:05 ET
1B/OF,Spencer Steer (918663),Spencer Steer,918663,1B/OF,3100,,CIN,0.0,2026-04-03,Early,2026-04-03 13:05 ET
1B/OF,Spencer Steer (918663),Spencer Steer,918663,1B/OF,3100,,CIN,0.0,2026-04-03,Early,2026-04-03 13:05 ET
OF,Matt Wallner (918808),Matt Wallner,918808,OF,3100,,MIN,0.0,2026-04-03,Early,2026-04-03 13:05 ET
C,Drew Millas (1115794),Drew Millas,1115794,C,3100,,WSH,0.0,2026-04-03,Early,2026-04-03 13:05 ET
OF,Colton Cowser (1310697),Colton Cowser,1310697,OF,3100,,BAL,0.0,2026-04-03,Early,2026-04-03 13:05 ET
2B/SS,Josh Smith (918999),Josh Smith,918999,2B/SS,3100,,TEX,0.0,2026-04-03,Early,2026-04-03 13:05 ET
2B/SS,Josh Smith (918999),Josh Smith,918999,2B/SS,3100,,TEX,0.0,2026-04-03,Early,2026-04-03 13:05 ET
2B,Brayan Rocchio (1118643),Brayan Rocchio,1118643,2B,3100,,CLE,0.0,2026-04-03,Early,2026-04-03 13:05 ET
3B/OF,Javier Sanoja (1382862),Javier Sanoja,1382862,3B/OF,3100,,MIA,0.0,2026-04-03,Early,2026-04-03 13:05 ET
3B/OF,Javier Sanoja (1382862),Javier Sanoja,1382862,3B/OF,3100,,MIA,0.0,2026-04-03,Early,2026-04-03 13:05 ET
C,Moises Ballesteros (1379933),Moises Ballesteros,1379933,C,3100,,CHC,0.0,2026-04-03,Early,2026-04-03 13:05 ET
OF,JJ Bleday (918845),JJ Bleday,918845,OF,3100,,CIN,0.0,2026-04-03,Early,2026-04-03 13:05 ET
OF,George Valera (1120979),George Valera,1120979,OF,3100,,CLE,0.0,2026-04-03,Early,2026-04-03 13:05 ET
OF,Christopher Morel (1053442),Christopher Morel,1053442,OF,3100,,MIA,0.0,2026-04-03,Early,2026-04-03 13:05 ET
C,Kyle Teel (1452080),Kyle Teel,1452080,C,3100,,CWS,0.0,2026-04-03,Early,2026-04-03 13:05 ET
OF,Trevor Larnach (876177),Trevor Larnach,876177,OF,3000,,MIN,0.0,2026-04-03,Early,2026-04-03 13:05 ET
1B,Paul Goldschmidt (501577),Paul Goldschmidt,501577,1B,3000,,NYY,0.0,2026-04-03,Early,2026-04-03 13:05 ET
OF,Jordan Beck (1169963),Jordan Beck,1169963,OF,3000,,COL,0.0,2026-04-03,Early,2026-04-03 13:05 ET
OF,Ceddanne Rafaela (1118303),Ceddanne Rafaela,1118303,OF,3000,,BOS,0.0,2026-04-03,Early,2026-04-03 13:05 ET
2B/OF,Davis Schneider (1055763),Davis Schneider,1055763,2B/OF,3000,,TOR,0.0,2026-04-03,Early,2026-04-03 13:05 ET
2B/OF,Davis Schneider (1055763),Davis Schneider,1055763,2B/OF,3000,,TOR,0.0,2026-04-03,Early,2026-04-03 13:05 ET
SS,Masyn Winn (1216901),Masyn Winn,1216901,SS,3000,,STL,0.0,2026-04-03,Early,2026-04-03 13:05 ET
OF,Nick Castellanos (548164),Nick Castellanos,548164,OF,3000,,SD,0.0,2026-04-03,Early,2026-04-03 13:05 ET
OF,Jonny DeLuca (1056238),Jonny DeLuca,1056238,OF,3000,,TB,0.0,2026-04-03,Early,2026-04-03 13:05 ET
3B,Caleb Durbin (1318620),Caleb Durbin,1318620,3B,3000,,BOS,0.0,2026-04-03,Early,2026-04-03 13:05 ET
C,Austin Wells (1120047),Austin Wells,1120047,C,3000,,NYY,0.0,2026-04-03,Early,2026-04-03 13:05 ET
C,Ryan Jeffers (1118818),Ryan Jeffers,1118818,C,3000,,MIN,0.0,2026-04-03,Early,2026-04-03 13:05 ET
OF,Jasson Dominguez (1209801),Jasson Dominguez,1209801,OF,3000,,NYY,0.0,2026-04-03,Early,2026-04-03 13:05 ET
1B/3B,Christian Encarnacion-Strand (1170875),Christian Encarnacion-Strand,1170875,1B/3B,3000,,CIN,0.0,2026-04-03,Early,2026-04-03 13:05 ET
1B/3B,Christian Encarnacion-Strand (1170875),Christian Encarnacion-Strand,1170875,1B/3B,3000,,CIN,0.0,2026-04-03,Early,2026-04-03 13:05 ET
3B,Sung-Mun Song (911914),Sung-Mun Song,911914,3B,3000,,SD,0.0,2026-04-03,Early,2026-04-03 13:05 ET
OF,Gavin Lux (917933),Gavin Lux,917933,OF,3000,,TB,0.0,2026-04-03,Early,2026-04-03 13:05 ET
1B/2B,Luis Garcia Jr. (962605),Luis Garcia Jr.,962605,1B/2B,2900,,WSH,0.0,2026-04-03,Early,2026-04-03 13:05 ET
1B/2B,Luis Garcia Jr. (962605),Luis Garcia Jr.,962605,1B/2B,2900,,WSH,0.0,2026-04-03,Early,2026-04-03 13:05 ET
OF,Jake McCarthy (875378),Jake McCarthy,875378,OF,2900,,COL,0.0,2026-04-03,Early,2026-04-03 13:05 ET
C,David Fry (1118963),David Fry,1118963,C,2900,,CLE,0.0,2026-04-03,Early,2026-04-03 13:05 ET
OF,Sam Haggerty (858804),Sam Haggerty,858804,OF,2900,,TEX,0.0,2026-04-03,Early,2026-04-03 13:05 ET
C,Carlos Narvaez (916966),Carlos Narvaez,916966,C,2900,,BOS,0.0,2026-04-03,Early,2026-04-03 13:05 ET
OF,Jake Mangum (1054419),Jake Mangum,1054419,OF,2900,,PIT,0.0,2026-04-03,Early,2026-04-03 13:05 ET
OF,Victor Scott II (1397649),Victor Scott II,1397649,OF,2900,,STL,0.0,2026-04-03,Early,2026-04-03 13:05 ET
OF,Owen Caissie (1217869),Owen Caissie,1217869,OF,2900,,MIA,0.0,2026-04-03,Early,2026-04-03 13:05 ET
2B/OF,Willi Castro (830274),Willi Castro,830274,2B/OF,2900,,COL,0.0,2026-04-03,Early,2026-04-03 13:05 ET
2B/OF,Willi Castro (830274),Willi Castro,830274,2B/OF,2900,,COL,0.0,2026-04-03,Early,2026-04-03 13:05 ET
3B,Josh Jung (1115784),Josh Jung,1115784,3B,2900,,TEX,0.0,2026-04-03,Early,2026-04-03 13:05 ET
1B,Eric Wagaman (1055317),Eric Wagaman,1055317,1B,2900,,MIN,0.0,2026-04-03,Early,2026-04-03 13:05 ET
OF,Blake Dunn (1177867),Blake Dunn,1177867,OF,2900,,CIN,0.0,2026-04-03,Early,2026-04-03 13:05 ET
2B/SS,Nick Gonzales (1159695),Nick Gonzales,1159695,2B/SS,2800,,PIT,0.0,2026-04-03,Early,2026-04-03 13:05 ET
2B/SS,Nick Gonzales (1159695),Nick Gonzales,1159695,2B/SS,2800,,PIT,0.0,2026-04-03,Early,2026-04-03 13:05 ET
C,Nick Fortes (1118873),Nick Fortes,1118873,C,2800,,TB,0.0,2026-04-03,Early,2026-04-03 13:05 ET
SS,Brooks Lee (1170932),Brooks Lee,1170932,SS,2800,,MIN,0.0,2026-04-03,Early,2026-04-03 13:05 ET
OF,Randal Grichuk (500734),Randal Grichuk,500734,OF,2800,,NYY,0.0,2026-04-03,Early,2026-04-03 13:05 ET
OF,Parker Meadows (1118811),Parker Meadows,1118811,OF,2800,,DET,0.0,2026-04-03,Early,2026-04-03 13:05 ET
OF,Jacob Young (1318244),Jacob Young,1318244,OF,2800,,WSH,0.0,2026-04-03,Early,2026-04-03 13:05 ET
OF,Angel Martinez (1284664),Angel Martinez,1284664,OF,2800,,CLE,0.0,2026-04-03,Early,2026-04-03 13:05 ET
OF,Nathan Church (1397839),Nathan Church,1397839,OF,2800,,STL,0.0,2026-04-03,Early,2026-04-03 13:05 ET
SS,Carson Williams (1316801),Carson Williams,1316801,SS,2800,,TB,0.0,2026-04-03,Early,2026-04-03 13:05 ET
1B/2B,Lenyn Sosa (1057236),Lenyn Sosa,1057236,1B/2B,2800,,CWS,0.0,2026-04-03,Early,2026-04-03 13:05 ET
1B/2B,Lenyn Sosa (1057236),Lenyn Sosa,1057236,1B/2B,2800,,CWS,0.0,2026-04-03,Early,2026-04-03 13:05 ET
2B/OF,Jeremiah Jackson (1118817),Jeremiah Jackson,1118817,2B/OF,2800,,BAL,0.0,2026-04-03,Early,2026-04-03 13:05 ET
2B/OF,Jeremiah Jackson (1118817),Jeremiah Jackson,1118817,2B/OF,2800,,BAL,0.0,2026-04-03,Early,2026-04-03 13:05 ET
2B/3B,Alex Freeland (1397420),Alex Freeland,1397420,2B/3B,2800,,LAD,0.0,2026-04-03,Early,2026-04-03 13:05 ET
2B/3B,Alex Freeland (1397420),Alex Freeland,1397420,2B/3B,2800,,LAD,0.0,2026-04-03,Early,2026-04-03 13:05 ET
1B/C,Victor Caratini (737618),Victor Caratini,737618,1B/C,2800,,MIN,0.0,2026-04-03,Early,2026-04-03 13:05 ET
1B/C,Victor Caratini (737618),Victor Caratini,737618,1B/C,2800,,MIN,0.0,2026-04-03,Early,2026-04-03 13:05 ET
SS,Anthony Volpe (1169602),Anthony Volpe,1169602,SS,2800,,NYY,0.0,2026-04-03,Early,2026-04-03 13:05 ET
OF,Anthony Santander (659463),Anthony Santander,659463,OF,2800,,TOR,0.0,2026-04-03,Early,2026-04-03 13:05 ET
OF,Troy Johnston (1169994),Troy Johnston,1169994,OF,2700,,COL,0.0,2026-04-03,Early,2026-04-03 13:05 ET
1B,Nathaniel Lowe (918283),Nathaniel Lowe,918283,1B,2700,,CIN,0.0,2026-04-03,Early,2026-04-03 13:05 ET
OF,Marcell Ozuna (503013),Marcell Ozuna,503013,OF,2700,,PIT,0.0,2026-04-03,Early,2026-04-03 13:05 ET
OF,Cedric Mullins (873639),Cedric Mullins,873639,OF,2700,,TB,0.0,2026-04-03,Early,2026-04-03 13:05 ET
C,Pedro Pages (1115760),Pedro Pages,1115760,C,2700,,STL,0.0,2026-04-03,Early,2026-04-03 13:05 ET
3B/OF,Miguel Andujar (659185),Miguel Andujar,659185,3B/OF,2700,,SD,0.0,2026-04-03,Early,2026-04-03 13:05 ET
3B/OF,Miguel Andujar (659185),Miguel Andujar,659185,3B/OF,2700,,SD,0.0,2026-04-03,Early,2026-04-03 13:05 ET
2B/SS,Edmundo Sosa (736859),Edmundo Sosa,736859,2B/SS,2700,,PHI,0.0,2026-04-03,Early,2026-04-03 13:05 ET
2B/SS,Edmundo Sosa (736859),Edmundo Sosa,736859,2B/SS,2700,,PHI,0.0,2026-04-03,Early,2026-04-03 13:05 ET
OF,Justin Crawford (1396137),Justin Crawford,1396137,OF,2700,,PHI,0.0,2026-04-03,Early,2026-04-03 13:05 ET
C,Connor Wong (873978),Connor Wong,873978,C,2700,,BOS,0.0,2026-04-03,Early,2026-04-03 13:05 ET
OF,Andrew Benintendi (738659),Andrew Benintendi,738659,OF,2700,,CWS,0.0,2026-04-03,Early,2026-04-03 13:05 ET
2B/3B,Nolan Gorman (1118535),Nolan Gorman,1118535,2B/3B,2700,,STL,0.0,2026-04-03,Early,2026-04-03 13:05 ET
2B/3B,Nolan Gorman (1118535),Nolan Gorman,1118535,2B/3B,2700,,STL,0.0,2026-04-03,Early,2026-04-03 13:05 ET
2B/3B,Jose Tena (1118063),Jose Tena,1118063,2B/3B,2700,,WSH,0.0,2026-04-03,Early,2026-04-03 13:05 ET
2B/3B,Jose Tena (1118063),Jose Tena,1118063,2B/3B,2700,,WSH,0.0,2026-04-03,Early,2026-04-03 13:05 ET
1B,Blaine Crim (1170089),Blaine Crim,1170089,1B,2700,,COL,0.0,2026-04-03,Early,2026-04-03 13:05 ET
OF,Heston Kjerstad (1056095),Heston Kjerstad,1056095,OF,2700,,BAL,0.0,2026-04-03,Early,2026-04-03 13:05 ET
OF,Jahmai Jones (874807),Jahmai Jones,874807,OF,2600,,DET,0.0,2026-04-03,Early,2026-04-03 13:05 ET
OF,Masataka Yoshida (907347),Masataka Yoshida,907347,OF,2600,,BOS,0.0,2026-04-03,Early,2026-04-03 13:05 ET
2B/3B,Blaze Alexander (1119325),Blaze Alexander,1119325,2B/3B,2600,,BAL,0.0,2026-04-03,Early,2026-04-03 13:05 ET
2B/3B,Blaze Alexander (1119325),Blaze Alexander,1119325,2B/3B,2600,,BAL,0.0,2026-04-03,Early,2026-04-03 13:05 ET
C,Tyler Heineman (658108),Tyler Heineman,658108,C,2600,,TOR,0.0,2026-04-03,Early,2026-04-03 13:05 ET
OF,Heriberto Hernandez (1118337),Heriberto Hernandez,1118337,OF,2600,,MIA,0.0,2026-04-03,Early,2026-04-03 13:05 ET
C,Danny Jansen (738162),Danny Jansen,738162,C,2600,,TEX,0.0,2026-04-03,Early,2026-04-03 13:05 ET
OF,Jake Fraley (857756),Jake Fraley,857756,OF,2600,,TB,0.0,2026-04-03,Early,2026-04-03 13:05 ET
OF,Everson Pereira (1121089),Everson Pereira,1121089,OF,2600,,CWS,0.0,2026-04-03,Early,2026-04-03 13:05 ET
1B,TJ Rumfield (1318479),TJ Rumfield,1318479,1B,2600,,COL,0.0,2026-04-03,Early,2026-04-03 13:05 ET
2B/SS,Tristan Gray (829756),Tristan Gray,829756,2B/SS,2600,,MIN,0.0,2026-04-03,Early,2026-04-03 13:05 ET
2B/SS,Tristan Gray (829756),Tristan Gray,829756,2B/SS,2600,,MIN,0.0,2026-04-03,Early,2026-04-03 13:05 ET
1B/3B,Coby Mayo (1217282),Coby Mayo,1217282,1B/3B,2600,,BAL,0.0,2026-04-03,Early,2026-04-03 13:05 ET
1B/3B,Coby Mayo (1217282),Coby Mayo,1217282,1B/3B,2600,,BAL,0.0,2026-04-03,Early,2026-04-03 13:05 ET
SS,Gabriel Arias (1072529),Gabriel Arias,1072529,SS,2600,,CLE,0.0,2026-04-03,Early,2026-04-03 13:05 ET
OF,Rece Hinds (1169587),Rece Hinds,1169587,OF,2600,,CIN,0.0,2026-04-03,Early,2026-04-03 13:05 ET
2B/3B,Maximo Acosta (1209921),Maximo Acosta,1209921,2B/3B,2600,,MIA,0.0,2026-04-03,Early,2026-04-03 13:05 ET
2B/3B,Maximo Acosta (1209921),Maximo Acosta,1209921,2B/3B,2600,,MIA,0.0,2026-04-03,Early,2026-04-03 13:05 ET
OF,Wenceel Perez (1053764),Wenceel Perez,1053764,OF,2600,,DET,0.0,2026-04-03,Early,2026-04-03 13:05 ET
OF,Brooks Baldwin (1318634),Brooks Baldwin,1318634,OF,2600,,CWS,0.0,2026-04-03,Early,2026-04-03 13:05 ET
3B,Ryan McMahon (737539),Ryan McMahon,737539,3B,2500,,NYY,0.0,2026-04-03,Early,2026-04-03 13:05 ET
2B/3B,Marcelo Mayer (1310130),Marcelo Mayer,1310130,2B/3B,2500,,BOS,0.0,2026-04-03,Early,2026-04-03 13:05 ET
2B/3B,Marcelo Mayer (1310130),Marcelo Mayer,1310130,2B/3B,2500,,BOS,0.0,2026-04-03,Early,2026-04-03 13:05 ET
C,Kyle Higashioka (454957),Kyle Higashioka,454957,C,2500,,TEX,0.0,2026-04-03,Early,2026-04-03 13:05 ET
2B,Miguel Rojas (455627),Miguel Rojas,455627,2B,2500,,LAD,0.0,2026-04-03,Early,2026-04-03 13:05 ET
SS,Javier Baez (597757),Javier Baez,597757,SS,2500,,DET,0.0,2026-04-03,Early,2026-04-03 13:05 ET
3B,Ke'Bryan Hayes (874730),Ke'Bryan Hayes,874730,3B,2500,,CIN,0.0,2026-04-03,Early,2026-04-03 13:05 ET
OF,Jordan Walker (1216873),Jordan Walker,1216873,OF,2500,,STL,0.0,2026-04-03,Early,2026-04-03 13:05 ET
OF,Myles Straw (875569),Myles Straw,875569,OF,2500,,TOR,0.0,2026-04-03,Early,2026-04-03 13:05 ET
OF,Michael Conforto (709038),Michael Conforto,709038,OF,2500,,CHC,0.0,2026-04-03,Early,2026-04-03 13:05 ET
OF,Austin Slater (602692),Austin Slater,602692,OF,2500,,MIA,0.0,2026-04-03,Early,2026-04-03 13:05 ET
C,Rafael Marchan (917160),Rafael Marchan,917160,C,2500,,PHI,0.0,2026-04-03,Early,2026-04-03 13:05 ET
3B/SS,Jared Triolo (1052845),Jared Triolo,1052845,3B/SS,2500,,PIT,0.0,2026-04-03,Early,2026-04-03 13:05 ET
3B/SS,Jared Triolo (1052845),Jared Triolo,1052845,3B/SS,2500,,PIT,0.0,2026-04-03,Early,2026-04-03 13:05 ET
OF,Tristan Peters (1318246),Tristan Peters,1318246,OF,2500,,CWS,0.0,2026-04-03,Early,2026-04-03 13:05 ET
C,Joey Bart (875855),Joey Bart,875855,C,2500,,PIT,0.0,2026-04-03,Early,2026-04-03 13:05 ET
OF,Petey Halpin (1216941),Petey Halpin,1216941,OF,2500,,CLE,0.0,2026-04-03,Early,2026-04-03 13:05 ET
3B/SS,Ben Williamson (1454830),Ben Williamson,1454830,3B/SS,2400,,TB,0.0,2026-04-03,Early,2026-04-03 13:05 ET
3B/SS,Ben Williamson (1454830),Ben Williamson,1454830,3B/SS,2400,,TB,0.0,2026-04-03,Early,2026-04-03 13:05 ET
1B,Ty France (876140),Ty France,876140,1B,2400,,SD,0.0,2026-04-03,Early,2026-04-03 13:05 ET
3B,Kyle Karros (1453711),Kyle Karros,1453711,3B,2400,,COL,0.0,2026-04-03,Early,2026-04-03 13:05 ET
OF,Alex Call (913343),Alex Call,913343,OF,2400,,LAD,0.0,2026-04-03,Early,2026-04-03 13:05 ET
OF,Dylan Beavers (1396152),Dylan Beavers,1396152,OF,2400,,BAL,0.0,2026-04-03,Early,2026-04-03 13:05 ET
3B/OF,Matt Shaw (1452095),Matt Shaw,1452095,3B/OF,2400,,CHC,0.0,2026-04-03,Early,2026-04-03 13:05 ET
3B/OF,Matt Shaw (1452095),Matt Shaw,1452095,3B/OF,2400,,CHC,0.0,2026-04-03,Early,2026-04-03 13:05 ET
C,Jose Trevino (827368),Jose Trevino,827368,C,2400,,CIN,0.0,2026-04-03,Early,2026-04-03 13:05 ET
C,Henry Davis (1176505),Henry Davis,1176505,C,2400,,PIT,0.0,2026-04-03,Early,2026-04-03 13:05 ET
OF,Jonatan Clase (1299977),Jonatan Clase,1299977,OF,2400,,TOR,0.0,2026-04-03,Early,2026-04-03 13:05 ET
2B/SS,Ezequiel Duran (1068048),Ezequiel Duran,1068048,2B/SS,2300,,TEX,0.0,2026-04-03,Early,2026-04-03 13:05 ET
2B/SS,Ezequiel Duran (1068048),Ezequiel Duran,1068048,2B/SS,2300,,TEX,0.0,2026-04-03,Early,2026-04-03 13:05 ET
2B/3B,Amed Rosario (732115),Amed Rosario,732115,2B/3B,2300,,NYY,0.0,2026-04-03,Early,2026-04-03 13:05 ET
2B/3B,Amed Rosario (732115),Amed Rosario,732115,2B/3B,2300,,NYY,0.0,2026-04-03,Early,2026-04-03 13:05 ET
1B,Edouard Julien (1056113),Edouard Julien,1056113,1B,2300,,COL,0.0,2026-04-03,Early,2026-04-03 13:05 ET
OF,Joc Pederson (549081),Joc Pederson,549081,OF,2300,,TEX,0.0,2026-04-03,Early,2026-04-03 13:05 ET
2B/OF,Dylan Moore (875186),Dylan Moore,875186,2B/OF,2300,,PHI,0.0,2026-04-03,Early,2026-04-03 13:05 ET
2B/OF,Dylan Moore (875186),Dylan Moore,875186,2B/OF,2300,,PHI,0.0,2026-04-03,Early,2026-04-03 13:05 ET
2B/3B,Ramon Urias (597169),Ramon Urias,597169,2B/3B,2300,,STL,0.0,2026-04-03,Early,2026-04-03 13:05 ET
2B/3B,Ramon Urias (597169),Ramon Urias,597169,2B/3B,2300,,STL,0.0,2026-04-03,Early,2026-04-03 13:05 ET
OF,James Outman (1118979),James Outman,1118979,OF,2300,,MIN,0.0,2026-04-03,Early,2026-04-03 13:05 ET
C,J.C. Escarra (738605),J.C. Escarra,738605,C,2300,,NYY,0.0,2026-04-03,Early,2026-04-03 13:05 ET
C,Dalton Rushing (1396605),Dalton Rushing,1396605,C,2300,,LAD,0.0,2026-04-03,Early,2026-04-03 13:05 ET
2B,Hyeseong Kim (976571),Hyeseong Kim,976571,2B,2300,,LAD,0.0,2026-04-03,Early,2026-04-03 13:05 ET
OF/SS,Luisangel Acuna (1203734),Luisangel Acuna,1203734,OF/SS,2200,,CWS,0.0,2026-04-03,Early,2026-04-03 13:05 ET
OF/SS,Luisangel Acuna (1203734),Luisangel Acuna,1203734,OF/SS,2200,,CWS,0.0,2026-04-03,Early,2026-04-03 13:05 ET
OF,Dane Myers (915708),Dane Myers,915708,OF,2200,,CIN,0.0,2026-04-03,Early,2026-04-03 13:05 ET
2B/3B,Jorbit Vivas (1118294),Jorbit Vivas,1118294,2B/3B,2200,,WSH,0.0,2026-04-03,Early,2026-04-03 13:05 ET
2B/3B,Jorbit Vivas (1118294),Jorbit Vivas,1118294,2B/3B,2200,,WSH,0.0,2026-04-03,Early,2026-04-03 13:05 ET
C,Jake Rogers (874230),Jake Rogers,874230,C,2200,,DET,0.0,2026-04-03,Early,2026-04-03 13:05 ET
C,Austin Hedges (597799),Austin Hedges,597799,C,2200,,CLE,0.0,2026-04-03,Early,2026-04-03 13:05 ET
2B/3B,Jose Fermin (917339),Jose Fermin,917339,2B/3B,2200,,STL,0.0,2026-04-03,Early,2026-04-03 13:05 ET
2B/3B,Jose Fermin (917339),Jose Fermin,917339,2B/3B,2200,,STL,0.0,2026-04-03,Early,2026-04-03 13:05 ET
OF,Dylan Carlson (917940),Dylan Carlson,917940,OF,2200,,CHC,0.0,2026-04-03,Early,2026-04-03 13:05 ET
OF,Leody Taveras (912520),Leody Taveras,912520,OF,2200,,BAL,0.0,2026-04-03,Early,2026-04-03 13:05 ET
OF,Bryce Johnson (1055195),Bryce Johnson,1055195,OF,2200,,SD,0.0,2026-04-03,Early,2026-04-03 13:05 ET
3B/OF,Otto Kemp (1407090),Otto Kemp,1407090,3B/OF,2200,,PHI,0.0,2026-04-03,Early,2026-04-03 13:05 ET
3B/OF,Otto Kemp (1407090),Otto Kemp,1407090,3B/OF,2200,,PHI,0.0,2026-04-03,Early,2026-04-03 13:05 ET
C,Edgar Quero (1303804),Edgar Quero,1303804,C,2200,,CWS,0.0,2026-04-03,Early,2026-04-03 13:05 ET
1B/3B,Graham Pauley (1397862),Graham Pauley,1397862,1B/3B,2100,,MIA,0.0,2026-04-03,Early,2026-04-03 13:05 ET
1B/3B,Graham Pauley (1397862),Graham Pauley,1397862,1B/3B,2100,,MIA,0.0,2026-04-03,Early,2026-04-03 13:05 ET
3B/OF,Nick Yorke (1217287),Nick Yorke,1217287,3B/OF,2100,,PIT,0.0,2026-04-03,Early,2026-04-03 13:05 ET
3B/OF,Nick Yorke (1217287),Nick Yorke,1217287,3B/OF,2100,,PIT,0.0,2026-04-03,Early,2026-04-03 13:05 ET
C,Brett Sullivan (857232),Brett Sullivan,857232,C,2100,,COL,0.0,2026-04-03,Early,2026-04-03 13:05 ET
2B/3B,Isiah Kiner-Falefa (737855),Isiah Kiner-Falefa,737855,2B/3B,2100,,BOS,0.0,2026-04-03,Early,2026-04-03 13:05 ET
2B/3B,Isiah Kiner-Falefa (737855),Isiah Kiner-Falefa,737855,2B/3B,2100,,BOS,0.0,2026-04-03,Early,2026-04-03 13:05 ET
1B,Ryan Mountcastle (874734),Ryan Mountcastle,874734,1B,2100,,BAL,0.0,2026-04-03,Early,2026-04-03 13:05 ET
1B/OF,CJ Kayfus (1453726),CJ Kayfus,1453726,1B/OF,2100,,CLE,0.0,2026-04-03,Early,2026-04-03 13:05 ET
1B/OF,CJ Kayfus (1453726),CJ Kayfus,1453726,1B/OF,2100,,CLE,0.0,2026-04-03,Early,2026-04-03 13:05 ET
OF/SS,Thomas Saggese (1218048),Thomas Saggese,1218048,OF/SS,2100,,STL,0.0,2026-04-03,Early,2026-04-03 13:05 ET
OF/SS,Thomas Saggese (1218048),Thomas Saggese,1218048,OF/SS,2100,,STL,0.0,2026-04-03,Early,2026-04-03 13:05 ET
C,Freddy Fermin (918173),Freddy Fermin,918173,C,2100,,SD,0.0,2026-04-03,Early,2026-04-03 13:05 ET
C,Hunter Feduccia (1119376),Hunter Feduccia,1119376,C,2100,,TB,0.0,2026-04-03,Early,2026-04-03 13:05 ET
OF,Derek Hill (828670),Derek Hill,828670,OF,2100,,CWS,0.0,2026-04-03,Early,2026-04-03 13:05 ET
1B/C,Endy Rodriguez (1123658),Endy Rodriguez,1123658,1B/C,2100,,PIT,0.0,2026-04-03,Early,2026-04-03 13:05 ET
1B/C,Endy Rodriguez (1123658),Endy Rodriguez,1123658,1B/C,2100,,PIT,0.0,2026-04-03,Early,2026-04-03 13:05 ET
OF,Matt Vierling (876043),Matt Vierling,876043,OF,2000,,DET,0.0,2026-04-03,Early,2026-04-03 13:05 ET
3B/SS,Andruw Monasterio (830359),Andruw Monasterio,830359,3B/SS,2000,,BOS,0.0,2026-04-03,Early,2026-04-03 13:05 ET
3B/SS,Andruw Monasterio (830359),Andruw Monasterio,830359,3B/SS,2000,,BOS,0.0,2026-04-03,Early,2026-04-03 13:05 ET
1B/3B,Curtis Mead (1125039),Curtis Mead,1125039,1B/3B,2000,,WSH,0.0,2026-04-03,Early,2026-04-03 13:05 ET
1B/3B,Curtis Mead (1125039),Curtis Mead,1125039,1B/3B,2000,,WSH,0.0,2026-04-03,Early,2026-04-03 13:05 ET
2B/3B,Santiago Espinal (918188),Santiago Espinal,918188,2B/3B,2000,,LAD,0.0,2026-04-03,Early,2026-04-03 13:05 ET
2B/3B,Santiago Espinal (918188),Santiago Espinal,918188,2B/3B,2000,,LAD,0.0,2026-04-03,Early,2026-04-03 13:05 ET
C,Yohel Pozo (828445),Yohel Pozo,828445,C,2000,,STL,0.0,2026-04-03,Early,2026-04-03 13:05 ET
2B,Scott Kingery (857705),Scott Kingery,857705,2B,2000,,CHC,0.0,2026-04-03,Early,2026-04-03 13:05 ET
2B,Ryan Ritter (1170903),Ryan Ritter,1170903,2B,2000,,COL,0.0,2026-04-03,Early,2026-04-03 13:05 ET
C,Luis Campusano (1055003),Luis Campusano,1055003,C,2000,,SD,0.0,2026-04-03,Early,2026-04-03 13:05 ET
2B,Leo Jimenez (1120950),Leo Jimenez,1120950,2B,2000,,MIA,0.0,2026-04-03,Early,2026-04-03 13:05 ET
1B/3B,Billy Cook (1318285),Billy Cook,1318285,1B/3B,2000,,PIT,0.0,2026-04-03,Early,2026-04-03 13:05 ET
1B/3B,Billy Cook (1318285),Billy Cook,1318285,1B/3B,2000,,PIT,0.0,2026-04-03,Early,2026-04-03 13:05 ET
C,Reese McGuire (737505),Reese McGuire,737505,C,2000,,CWS,0.0,2026-04-03,Early,2026-04-03 13:05 ET
OF,Ryan Vilade (1055019),Ryan Vilade,1055019,OF,2000,,TB,0.0,2026-04-03,Early,2026-04-03 13:05 ET
2B/OF,Max Schuemann (1119545),Max Schuemann,1119545,2B/OF,2000,,NYY,0.0,2026-04-03,Early,2026-04-03 13:05 ET
2B/OF,Max Schuemann (1119545),Max Schuemann,1119545,2B/OF,2000,,NYY,0.0,2026-04-03,Early,2026-04-03 13:05 ET
3B,Oswaldo Cabrera (916954),Oswaldo Cabrera,916954,3B,2000,,NYY,0.0,2026-04-03,Early,2026-04-03 13:05 ET
C,Braxton Fulford (1318216),Braxton Fulford,1318216,C,2000,,COL,0.0,2026-04-03,Early,2026-04-03 13:05 ET
OF,Michael Helman (1119314),Michael Helman,1119314,OF,2000,,TEX,0.0,2026-04-03,Early,2026-04-03 13:05 ET
C,Harry Ford (1310738),Harry Ford,1310738,C,2000,,WSH,0.0,2026-04-03,Early,2026-04-03 13:05 ET
1B/3B,Will Wagner (1318721),Will Wagner,1318721,1B/3B,2000,,SD,0.0,2026-04-03,Early,2026-04-03 13:05 ET
1B/3B,Will Wagner (1318721),Will Wagner,1318721,1B/3B,2000,,SD,0.0,2026-04-03,Early,2026-04-03 13:05 ET
2B/SS,Mason McCoy (1055197),Mason McCoy,1055197,2B/SS,2000,,SD,0.0,2026-04-03,Early,2026-04-03 13:05 ET
2B/SS,Mason McCoy (1055197),Mason McCoy,1055197,2B/SS,2000,,SD,0.0,2026-04-03,Early,2026-04-03 13:05 ET
OF,Michael Siani (1118869),Michael Siani,1118869,OF,2000,,LAD,0.0,2026-04-03,Early,2026-04-03 13:05 ET
OF,Nate Eaton (1116007),Nate Eaton,1116007,OF,2000,,BOS,0.0,2026-04-03,Early,2026-04-03 13:05 ET
OF,Bryan Torres (885119),Bryan Torres,885119,OF,2000,,STL,0.0,2026-04-03,Early,2026-04-03 13:05 ET
OF,Reed Trimble (1316899),Reed Trimble,1316899,OF,2000,,BAL,0.0,2026-04-03,Early,2026-04-03 13:05 ET
OF,Christian Franklin (1316808),Christian Franklin,1316808,OF,2000,,WSH,0.0,2026-04-03,Early,2026-04-03 13:05 ET
SS,Angel Genao (1389313),Angel Genao,1389313,SS,2000,,CLE,0.0,2026-04-03,Early,2026-04-03 13:05 ET
3B/SS,Ben Cowles (1318294),Ben Cowles,1318294,3B/SS,2000,,CHC,0.0,2026-04-03,Early,2026-04-03 13:05 ET
3B/SS,Ben Cowles (1318294),Ben Cowles,1318294,3B/SS,2000,,CHC,0.0,2026-04-03,Early,2026-04-03 13:05 ET
2B/3B,Edwin Arroyo (1316949),Edwin Arroyo,1316949,2B/3B,2000,,CIN,0.0,2026-04-03,Early,2026-04-03 13:05 ET
2B/3B,Edwin Arroyo (1316949),Edwin Arroyo,1316949,2B/3B,2000,,CIN,0.0,2026-04-03,Early,2026-04-03 13:05 ET
2B,Hao-Yu Lee (1289818),Hao-Yu Lee,1289818,2B,2000,,DET,0.0,2026-04-03,Early,2026-04-03 13:05 ET
OF,Hector Rodriguez (1389191),Hector Rodriguez,1389191,OF,2000,,CIN,0.0,2026-04-03,Early,2026-04-03 13:05 ET
1B/3B,Juan Yepez (877505),Juan Yepez,877505,1B/3B,2000,,TOR,0.0,2026-04-03,Early,2026-04-03 13:05 ET
1B/3B,Juan Yepez (877505),Juan Yepez,877505,1B/3B,2000,,TOR,0.0,2026-04-03,Early,2026-04-03 13:05 ET
OF,Joshua Baez (1316788),Joshua Baez,1316788,OF,2000,,STL,0.0,2026-04-03,Early,2026-04-03 13:05 ET
OF,Pedro Leon (1275711),Pedro Leon,1275711,OF,2000,,PHI,0.0,2026-04-03,Early,2026-04-03 13:05 ET
C,Joe Mack (1311159),Joe Mack,1311159,C,2000,,MIA,0.0,2026-04-03,Early,2026-04-03 13:05 ET
2B/3B,Pedro Ramirez (1381620),Pedro Ramirez,1381620,2B/3B,2000,,CHC,0.0,2026-04-03,Early,2026-04-03 13:05 ET
2B/3B,Pedro Ramirez (1381620),Pedro Ramirez,1381620,2B/3B,2000,,CHC,0.0,2026-04-03,Early,2026-04-03 13:05 ET
2B/SS,Jadher Areinamo (1382268),Jadher Areinamo,1382268,2B/SS,2000,,TB,0.0,2026-04-03,Early,2026-04-03 13:05 ET
2B/SS,Jadher Areinamo (1382268),Jadher Areinamo,1382268,2B/SS,2000,,TB,0.0,2026-04-03,Early,2026-04-03 13:05 ET
OF,Trei Cruz (1056066),Trei Cruz,1056066,OF,2000,,DET,0.0,2026-04-03,Early,2026-04-03 13:05 ET
SS,Kahlil Watson (1310463),Kahlil Watson,1310463,SS,2000,,CLE,0.0,2026-04-03,Early,2026-04-03 13:05 ET
OF,Ryan Ward (1169792),Ryan Ward,1169792,OF,2000,,LAD,0.0,2026-04-03,Early,2026-04-03 13:05 ET
OF,Emmanuel Rodriguez (1299851),Emmanuel Rodriguez,1299851,OF,2000,,MIN,0.0,2026-04-03,Early,2026-04-03 13:05 ET
1B/OF,Tyler Austin (549178),Tyler Austin,549178,1B/OF,2000,,CHC,0.0,2026-04-03,Early,2026-04-03 13:05 ET
1B/OF,Tyler Austin (549178),Tyler Austin,549178,1B/OF,2000,,CHC,0.0,2026-04-03,Early,2026-04-03 13:05 ET
SS,Leo Balcazar (1382261),Leo Balcazar,1382261,SS,2000,,CIN,0.0,2026-04-03,Early,2026-04-03 13:05 ET
SS,Jack Brannigan (1397412),Jack Brannigan,1397412,SS,2000,,PIT,0.0,2026-04-03,Early,2026-04-03 13:05 ET
C,Eduardo Valencia (1120574),Eduardo Valencia,1120574,C,2000,,DET,0.0,2026-04-03,Early,2026-04-03 13:05 ET
OF,Hendry Mendez (1328776),Hendry Mendez,1328776,OF,2000,,MIN,0.0,2026-04-03,Early,2026-04-03 13:05 ET
2B/SS,Juan Brito (1299487),Juan Brito,1299487,2B/SS,2000,,CLE,0.0,2026-04-03,Early,2026-04-03 13:05 ET
2B/SS,Juan Brito (1299487),Juan Brito,1299487,2B/SS,2000,,CLE,0.0,2026-04-03,Early,2026-04-03 13:05 ET
1B/OF,Abimelec Ortiz (1320545),Abimelec Ortiz,1320545,1B/OF,2000,,WSH,0.0,2026-04-03,Early,2026-04-03 13:05 ET
1B/OF,Abimelec Ortiz (1320545),Abimelec Ortiz,1320545,1B/OF,2000,,WSH,0.0,2026-04-03,Early,2026-04-03 13:05 ET
SS,Christian Cairo (1169635),Christian Cairo,1169635,SS,2000,,PHI,0.0,2026-04-03,Early,2026-04-03 13:05 ET
OF,Gabriel Rincones Jr. (1318771),Gabriel Rincones Jr.,1318771,OF,2000,,PHI,0.0,2026-04-03,Early,2026-04-03 13:05 ET
OF,Gabriel Gonzalez (1372652),Gabriel Gonzalez,1372652,OF,2000,,MIN,0.0,2026-04-03,Early,2026-04-03 13:05 ET
C,Dom Keegan (1209455),Dom Keegan,1209455,C,2000,,TB,0.0,2026-04-03,Early,2026-04-03 13:05 ET
C,Brandon Valenzuela (1118385),Brandon Valenzuela,1118385,C,2000,,TOR,0.0,2026-04-03,Early,2026-04-03 13:05 ET
3B,Tanner Murray (1177748),Tanner Murray,1177748,3B,2000,,CWS,0.0,2026-04-03,Early,2026-04-03 13:05 ET
2B,James Triantos (1316944),James Triantos,1316944,2B,2000,,CHC,0.0,2026-04-03,Early,2026-04-03 13:05 ET
C,Leo Bernal (1389790),Leo Bernal,1389790,C,2000,,STL,0.0,2026-04-03,Early,2026-04-03 13:05 ET
OF,Esmerlyn Valdez (1389115),Esmerlyn Valdez,1389115,OF,2000,,PIT,0.0,2026-04-03,Early,2026-04-03 13:05 ET
OF,Sterlin Thompson (1217825),Sterlin Thompson,1217825,OF,2000,,COL,0.0,2026-04-03,Early,2026-04-03 13:05 ET
SS,Jared Serna (1389104),Jared Serna,1389104,SS,2000,,MIA,0.0,2026-04-03,Early,2026-04-03 13:05 ET
OF,Spencer Jones (1170617),Spencer Jones,1170617,OF,2000,,NYY,0.0,2026-04-03,Early,2026-04-03 13:05 ET
C,Thayron Liranzo (1389258),Thayron Liranzo,1389258,C,2000,,DET,0.0,2026-04-03,Early,2026-04-03 13:05 ET
1B,Triston Casas (1118539),Triston Casas,1118539,1B,2000,,BOS,0.0,2026-04-03,Early,2026-04-03 13:05 ET
1B,Enmanuel Valdez (917288),Enmanuel Valdez,917288,1B,2000,,PIT,0.0,2026-04-03,Early,2026-04-03 13:05 ET
3B/OF,Kris Bryant (549381),Kris Bryant,549381,3B/OF,2000,,COL,0.0,2026-04-03,Early,2026-04-03 13:05 ET
3B/OF,Kris Bryant (549381),Kris Bryant,549381,3B/OF,2000,,COL,0.0,2026-04-03,Early,2026-04-03 13:05 ET
OF,Johan Rojas (1118490),Johan Rojas,1118490,OF,2000,,PHI,0.0,2026-04-03,Early,2026-04-03 13:05 ET
2B,Kristian Campbell (1454910),Kristian Campbell,1454910,2B,2000,,BOS,0.0,2026-04-03,Early,2026-04-03 13:05 ET
C,Willie MacIver (1054470),Willie MacIver,1054470,C,2000,,TEX,0.0,2026-04-03,Early,2026-04-03 13:05 ET
OF,Robert Hassell III (1216738),Robert Hassell III,1216738,OF,2000,,WSH,0.0,2026-04-03,Early,2026-04-03 13:05 ET
OF,Johnathan Rodriguez (1055146),Johnathan Rodriguez,1055146,OF,2000,,BAL,0.0,2026-04-03,Early,2026-04-03 13:05 ET
SS,Taylor Walls (915802),Taylor Walls,915802,SS,2000,,TB,0.0,2026-04-03,Early,2026-04-03 13:05 ET
OF,Victor Mesa Jr. (1142996),Victor Mesa Jr.,1142996,OF,2000,,TB,0.0,2026-04-03,Early,2026-04-03 13:05 ET
OF,Alan Roden (1397424),Alan Roden,1397424,OF,2000,,MIN,0.0,2026-04-03,Early,2026-04-03 13:05 ET
2B/OF,Nick Sogard (1169919),Nick Sogard,1169919,2B/OF,2000,,BOS,0.0,2026-04-03,Early,2026-04-03 13:05 ET
2B/OF,Nick Sogard (1169919),Nick Sogard,1169919,2B/OF,2000,,BOS,0.0,2026-04-03,Early,2026-04-03 13:05 ET
OF,Zac Veen (1216737),Zac Veen,1216737,OF,2000,,COL,0.0,2026-04-03,Early,2026-04-03 13:05 ET
3B,Anthony Seigler (1118773),Anthony Seigler,1118773,3B,2000,,BOS,0.0,2026-04-03,Early,2026-04-03 13:05 ET
2B,Adael Amador (1299470),Adael Amador,1299470,2B,2000,,COL,0.0,2026-04-03,Early,2026-04-03 13:05 ET
C,Mickey Gasper (1052880),Mickey Gasper,1052880,C,2000,,BOS,0.0,2026-04-03,Early,2026-04-03 13:05 ET
SS,Trey Sweeney (1316810),Trey Sweeney,1316810,SS,2000,,DET,0.0,2026-04-03,Early,2026-04-03 13:05 ET
OF,Justyn-Henry Malloy (1318236),Justyn-Henry Malloy,1318236,OF,2000,,TB,0.0,2026-04-03,Early,2026-04-03 13:05 ET
2B,Cody Freeman (1169628),Cody Freeman,1169628,2B,2000,,TEX,0.0,2026-04-03,Early,2026-04-03 13:05 ET
3B,Jace Jung (1396134),Jace Jung,1396134,3B,2000,,DET,0.0,2026-04-03,Early,2026-04-03 13:05 ET
OF,Tyler Callihan (1169610),Tyler Callihan,1169610,OF,2000,,PIT,0.0,2026-04-03,Early,2026-04-03 13:05 ET
OF,Esteury Ruiz (917030),Esteury Ruiz,917030,OF,2000,,MIA,0.0,2026-04-03,Early,2026-04-03 13:05 ET
1B/2B,Justin Foscue (1217002),Justin Foscue,1217002,1B/2B,2000,,TEX,0.0,2026-04-03,Early,2026-04-03 13:05 ET
1B/2B,Justin Foscue (1217002),Justin Foscue,1217002,1B/2B,2000,,TEX,0.0,2026-04-03,Early,2026-04-03 13:05 ET
1B,Rafael Flores (1405569),Rafael Flores,1405569,1B,2000,,PIT,0.0,2026-04-03,Early,2026-04-03 13:05 ET
OF,Ryan Kreidler (918988),Ryan Kreidler,918988,OF,2000,,MIN,0.0,2026-04-03,Early,2026-04-03 13:05 ET
OF,Alejandro Osuna (1289834),Alejandro Osuna,1289834,OF,2000,,TEX,0.0,2026-04-03,Early,2026-04-03 13:05 ET
1B,Andres Chaparro (916976),Andres Chaparro,916976,1B,2000,,WSH,0.0,2026-04-03,Early,2026-04-03 13:05 ET
OF,Kevin Alcantara (1172704),Kevin Alcantara,1172704,OF,2000,,CHC,0.0,2026-04-03,Early,2026-04-03 13:05 ET
C,Jimmy Crooks (1397343),Jimmy Crooks,1397343,C,2000,,STL,0.0,2026-04-03,Early,2026-04-03 13:05 ET
1B,Deyvison De Los Santos (1299985),Deyvison De Los Santos,1299985,1B,2000,,MIA,0.0,2026-04-03,Early,2026-04-03 13:05 ET
OF,Justin Dean (1119450),Justin Dean,1119450,OF,2000,,CHC,0.0,2026-04-03,Early,2026-04-03 13:05 ET
3B/SS,Cesar Prieto (1381565),Cesar Prieto,1381565,3B/SS,2000,,STL,0.0,2026-04-03,Early,2026-04-03 13:05 ET
3B/SS,Cesar Prieto (1381565),Cesar Prieto,1381565,3B/SS,2000,,STL,0.0,2026-04-03,Early,2026-04-03 13:05 ET
OF,Jacob Melton (1396584),Jacob Melton,1396584,OF,2000,,TB,0.0,2026-04-03,Early,2026-04-03 13:05 ET
2B/SS,Tsung-Che Cheng (1316397),Tsung-Che Cheng,1316397,2B/SS,2000,,BOS,0.0,2026-04-03,Early,2026-04-03 13:05 ET
2B/SS,Tsung-Che Cheng (1316397),Tsung-Che Cheng,1316397,2B/SS,2000,,BOS,0.0,2026-04-03,Early,2026-04-03 13:05 ET
OF,Jhostynxon Garcia (1389151),Jhostynxon Garcia,1389151,OF,2000,,PIT,0.0,2026-04-03,Early,2026-04-03 13:05 ET
