,player_name,pitcher,stand,pitch_type,PitchesThrown,TotalPC,%,BatterName,batter
2035,Drew Pomeranz,519141,L,CU,52,317,0.1640378548895899,L,
2036,Drew Pomeranz,519141,L,FF,265,317,0.8359621451104101,L,
2037,Drew Pomeranz,519141,R,CU,134,483,0.2774327122153209,R,
2038,Drew Pomeranz,519141,R,FF,349,483,0.722567287784679,R,
6752,Trevor Megill,656730,L,CU,149,402,0.3706467661691542,L,
6753,Trevor Megill,656730,L,FF,253,402,0.6293532338308457,L,
6754,Trevor Megill,656730,R,CU,148,351,0.42165242165242167,R,
6755,Trevor Megill,656730,R,FF,203,351,0.5783475783475783,R,
253465,Drew Pomeranz,519141,R,CU,3,5,0.6,A.J. Pollock,572041.0
253466,Drew Pomeranz,519141,R,FF,2,5,0.4,A.J. Pollock,572041.0
253467,Drew Pomeranz,519141,R,FF,6,6,1.0,Adam Duvall,594807.0
253468,Drew Pomeranz,519141,L,CU,2,15,0.13333333333333333,Adam Frazier,624428.0
253469,Drew Pomeranz,519141,L,FF,13,15,0.8666666666666667,Adam Frazier,624428.0
253470,Drew Pomeranz,519141,L,FF,4,4,1.0,Addison Barger,680718.0
253471,Drew Pomeranz,519141,R,CU,1,5,0.2,Adley Rutschman,668939.0
253472,Drew Pomeranz,519141,R,FF,4,5,0.8,Adley Rutschman,668939.0
253473,Drew Pomeranz,519141,R,CU,1,3,0.3333333333333333,Agustin Ramirez,682663.0
253474,Drew Pomeranz,519141,R,FF,2,3,0.6666666666666666,Agustin Ramirez,682663.0
253475,Drew Pomeranz,519141,L,CU,1,4,0.25,Alec Burleson,676475.0
253476,Drew Pomeranz,519141,L,FF,3,4,0.75,Alec Burleson,676475.0
253477,Drew Pomeranz,519141,R,CU,2,7,0.2857142857142857,Alejandro Kirk,672386.0
253478,Drew Pomeranz,519141,R,FF,5,7,0.7142857142857143,Alejandro Kirk,672386.0
253479,Drew Pomeranz,519141,R,FF,2,2,1.0,Alejo Lopez,664670.0
253480,Drew Pomeranz,519141,R,CU,1,2,0.5,Alex Bregman,608324.0
253481,Drew Pomeranz,519141,R,FF,1,2,0.5,Alex Bregman,608324.0
253482,Drew Pomeranz,519141,R,FF,1,1,1.0,Amed Rosario,642708.0
253483,Drew Pomeranz,519141,L,CU,1,6,0.16666666666666666,Andrew Benintendi,643217.0
253484,Drew Pomeranz,519141,L,FF,5,6,0.8333333333333334,Andrew Benintendi,643217.0
253485,Drew Pomeranz,519141,R,CU,1,7,0.14285714285714285,Andrew Vaughn,683734.0
253486,Drew Pomeranz,519141,R,FF,6,7,0.8571428571428571,Andrew Vaughn,683734.0
253487,Drew Pomeranz,519141,R,CU,1,6,0.16666666666666666,Angel Martinez,682657.0
253488,Drew Pomeranz,519141,R,FF,5,6,0.8333333333333334,Angel Martinez,682657.0
253489,Drew Pomeranz,519141,R,FF,4,4,1.0,Anthony Volpe,683011.0
253490,Drew Pomeranz,519141,R,CU,1,5,0.2,Asdrubal Cabrera,452678.0
253491,Drew Pomeranz,519141,R,FF,4,5,0.8,Asdrubal Cabrera,452678.0
253492,Drew Pomeranz,519141,R,CU,4,9,0.4444444444444444,Austin Hays,669720.0
253493,Drew Pomeranz,519141,R,FF,5,9,0.5555555555555556,Austin Hays,669720.0
253494,Drew Pomeranz,519141,R,CU,2,3,0.6666666666666666,Austin Riley,663586.0
253495,Drew Pomeranz,519141,R,FF,1,3,0.3333333333333333,Austin Riley,663586.0
253496,Drew Pomeranz,519141,R,CU,3,14,0.21428571428571427,Austin Slater,596103.0
253497,Drew Pomeranz,519141,R,FF,11,14,0.7857142857142857,Austin Slater,596103.0
253498,Drew Pomeranz,519141,R,CU,1,4,0.25,Avisail Garcia,541645.0
253499,Drew Pomeranz,519141,R,FF,3,4,0.75,Avisail Garcia,541645.0
253500,Drew Pomeranz,519141,R,FF,1,1,1.0,Ben Williamson,810938.0
253501,Drew Pomeranz,519141,R,CU,5,17,0.29411764705882354,Blake Perkins,663368.0
253502,Drew Pomeranz,519141,R,FF,12,17,0.7058823529411765,Blake Perkins,663368.0
253503,Drew Pomeranz,519141,L,CU,2,17,0.11764705882352941,Brandon Belt,474832.0
253504,Drew Pomeranz,519141,L,FF,15,17,0.8823529411764706,Brandon Belt,474832.0
253505,Drew Pomeranz,519141,L,FF,7,7,1.0,Brandon Crawford,543063.0
253506,Drew Pomeranz,519141,L,FF,2,2,1.0,Brandon Nimmo,607043.0
253507,Drew Pomeranz,519141,L,FF,12,12,1.0,Brendan Donovan,680977.0
253508,Drew Pomeranz,519141,R,CU,1,3,0.3333333333333333,Brendan Rodgers,663898.0
253509,Drew Pomeranz,519141,R,FF,2,3,0.6666666666666666,Brendan Rodgers,663898.0
253510,Drew Pomeranz,519141,L,FF,3,3,1.0,Brett Baty,683146.0
253511,Drew Pomeranz,519141,L,CU,1,5,0.2,Brett Wisely,689172.0
253512,Drew Pomeranz,519141,L,FF,4,5,0.8,Brett Wisely,689172.0
253513,Drew Pomeranz,519141,R,CU,4,4,1.0,Brian Anderson,605119.0
253514,Drew Pomeranz,519141,L,CU,1,18,0.05555555555555555,Brice Turang,668930.0
253515,Drew Pomeranz,519141,L,FF,17,18,0.9444444444444444,Brice Turang,668930.0
253516,Drew Pomeranz,519141,R,CU,6,9,0.6666666666666666,Bryan Reynolds,668804.0
253517,Drew Pomeranz,519141,R,FF,3,9,0.3333333333333333,Bryan Reynolds,668804.0
253518,Drew Pomeranz,519141,L,CU,1,6,0.16666666666666666,Bryce Harper,547180.0
253519,Drew Pomeranz,519141,L,FF,5,6,0.8333333333333334,Bryce Harper,547180.0
253520,Drew Pomeranz,519141,L,FF,1,1,1.0,Bryson Stott,681082.0
253521,Drew Pomeranz,519141,R,FF,3,3,1.0,Buster Posey,457763.0
253522,Drew Pomeranz,519141,L,CU,2,12,0.16666666666666666,C.J. Abrams,682928.0
253523,Drew Pomeranz,519141,L,FF,10,12,0.8333333333333334,C.J. Abrams,682928.0
253524,Drew Pomeranz,519141,R,CU,1,3,0.3333333333333333,C.J. Cron,543068.0
253525,Drew Pomeranz,519141,R,FF,2,3,0.6666666666666666,C.J. Cron,543068.0
253526,Drew Pomeranz,519141,R,FF,1,1,1.0,Caleb Durbin,702332.0
253527,Drew Pomeranz,519141,R,CU,1,2,0.5,Carlos Correa,621043.0
253528,Drew Pomeranz,519141,R,FF,1,2,0.5,Carlos Correa,621043.0
253529,Drew Pomeranz,519141,R,CU,5,13,0.38461538461538464,Carson Kelly,608348.0
253530,Drew Pomeranz,519141,R,FF,8,13,0.6153846153846154,Carson Kelly,608348.0
253531,Drew Pomeranz,519141,R,CU,1,5,0.2,Carson Williams,700246.0
253532,Drew Pomeranz,519141,R,FF,4,5,0.8,Carson Williams,700246.0
253533,Drew Pomeranz,519141,R,CU,1,2,0.5,Ceddanne Rafaela,678882.0
253534,Drew Pomeranz,519141,R,FF,1,2,0.5,Ceddanne Rafaela,678882.0
253535,Drew Pomeranz,519141,R,CU,2,3,0.6666666666666666,Chris Taylor,621035.0
253536,Drew Pomeranz,519141,R,FF,1,3,0.3333333333333333,Chris Taylor,621035.0
253537,Drew Pomeranz,519141,R,CU,1,7,0.14285714285714285,Christian Walker,572233.0
253538,Drew Pomeranz,519141,R,FF,6,7,0.8571428571428571,Christian Walker,572233.0
253539,Drew Pomeranz,519141,L,FF,11,11,1.0,Christian Yelich,592885.0
253540,Drew Pomeranz,519141,L,CU,1,3,0.3333333333333333,Cole Young,702284.0
253541,Drew Pomeranz,519141,L,FF,2,3,0.6666666666666666,Cole Young,702284.0
253542,Drew Pomeranz,519141,L,CU,3,5,0.6,Colin Moran,592567.0
253543,Drew Pomeranz,519141,L,FF,2,5,0.4,Colin Moran,592567.0
253544,Drew Pomeranz,519141,L,CU,3,11,0.2727272727272727,Colson Montgomery,695657.0
253545,Drew Pomeranz,519141,L,FF,8,11,0.7272727272727273,Colson Montgomery,695657.0
253546,Drew Pomeranz,519141,L,FF,3,3,1.0,Colton Cowser,681297.0
253547,Drew Pomeranz,519141,R,CU,2,5,0.4,Connor Joe,656582.0
253548,Drew Pomeranz,519141,R,FF,3,5,0.6,Connor Joe,656582.0
253549,Drew Pomeranz,519141,R,FF,2,2,1.0,Connor Norby,681393.0
253550,Drew Pomeranz,519141,R,FF,1,1,1.0,Cooper Hummel,669450.0
253551,Drew Pomeranz,519141,L,CU,1,3,0.3333333333333333,Corey Seager,608369.0
253552,Drew Pomeranz,519141,L,FF,2,3,0.6666666666666666,Corey Seager,608369.0
253553,Drew Pomeranz,519141,R,FF,3,3,1.0,Curt Casali,592200.0
253554,Drew Pomeranz,519141,R,FF,6,6,1.0,DJ Peters,656847.0
253555,Drew Pomeranz,519141,L,CU,2,7,0.2857142857142857,DaShawn Keirsey Jr.,680577.0
253556,Drew Pomeranz,519141,L,FF,5,7,0.7142857142857143,DaShawn Keirsey Jr.,680577.0
253557,Drew Pomeranz,519141,R,CU,2,4,0.5,Daniel Robertson,621002.0
253558,Drew Pomeranz,519141,R,FF,2,4,0.5,Daniel Robertson,621002.0
253559,Drew Pomeranz,519141,R,CU,1,7,0.14285714285714285,Danny Jansen,643376.0
253560,Drew Pomeranz,519141,R,FF,6,7,0.8571428571428571,Danny Jansen,643376.0
253561,Drew Pomeranz,519141,R,FF,1,1,1.0,Dansby Swanson,621020.0
253562,Drew Pomeranz,519141,R,CU,3,7,0.42857142857142855,Darin Ruf,573131.0
253563,Drew Pomeranz,519141,R,FF,4,7,0.5714285714285714,Darin Ruf,573131.0
253564,Drew Pomeranz,519141,R,CU,3,7,0.42857142857142855,David Fry,681807.0
253565,Drew Pomeranz,519141,R,FF,4,7,0.5714285714285714,David Fry,681807.0
253566,Drew Pomeranz,519141,R,CU,3,8,0.375,Derek Hill,656537.0
253567,Drew Pomeranz,519141,R,FF,5,8,0.625,Derek Hill,656537.0
253568,Drew Pomeranz,519141,L,FF,3,3,1.0,Dom Nunez,624513.0
253569,Drew Pomeranz,519141,R,CU,2,7,0.2857142857142857,Donovan Solano,456781.0
253570,Drew Pomeranz,519141,R,FF,5,7,0.7142857142857143,Donovan Solano,456781.0
253571,Drew Pomeranz,519141,R,CU,1,3,0.3333333333333333,Dylan Carlson,666185.0
253572,Drew Pomeranz,519141,R,FF,2,3,0.6666666666666666,Dylan Carlson,666185.0
253573,Drew Pomeranz,519141,R,CU,1,4,0.25,Edgar Quero,700337.0
253574,Drew Pomeranz,519141,R,FF,3,4,0.75,Edgar Quero,700337.0
253575,Drew Pomeranz,519141,R,CU,2,8,0.25,Eduardo Escobar,500871.0
253576,Drew Pomeranz,519141,R,FF,6,8,0.75,Eduardo Escobar,500871.0
253577,Drew Pomeranz,519141,R,CU,3,9,0.3333333333333333,Eli White,642201.0
253578,Drew Pomeranz,519141,R,FF,6,9,0.6666666666666666,Eli White,642201.0
253579,Drew Pomeranz,519141,R,CU,2,3,0.6666666666666666,Elias Diaz,553869.0
253580,Drew Pomeranz,519141,R,FF,1,3,0.3333333333333333,Elias Diaz,553869.0
253581,Drew Pomeranz,519141,R,CU,4,20,0.2,Elly De La Cruz,682829.0
253582,Drew Pomeranz,519141,R,FF,16,20,0.8,Elly De La Cruz,682829.0
253583,Drew Pomeranz,519141,L,FF,3,3,1.0,Enmanuel Valdez,665839.0
253584,Drew Pomeranz,519141,R,CU,2,10,0.2,Eric Wagaman,676572.0
253585,Drew Pomeranz,519141,R,FF,8,10,0.8,Eric Wagaman,676572.0
253586,Drew Pomeranz,519141,R,CU,3,8,0.375,Evan Longoria,446334.0
253587,Drew Pomeranz,519141,R,FF,5,8,0.625,Evan Longoria,446334.0
253588,Drew Pomeranz,519141,R,CU,1,4,0.25,Francisco Alvarez,682626.0
253589,Drew Pomeranz,519141,R,FF,3,4,0.75,Francisco Alvarez,682626.0
253590,Drew Pomeranz,519141,R,CU,3,8,0.375,Francisco Lindor,596019.0
253591,Drew Pomeranz,519141,R,FF,5,8,0.625,Francisco Lindor,596019.0
253592,Drew Pomeranz,519141,L,CU,4,10,0.4,Freddie Freeman,518692.0
253593,Drew Pomeranz,519141,L,FF,6,10,0.6,Freddie Freeman,518692.0
253594,Drew Pomeranz,519141,R,CU,2,4,0.5,Freddy Fermin,666023.0
253595,Drew Pomeranz,519141,R,FF,2,4,0.5,Freddy Fermin,666023.0
253596,Drew Pomeranz,519141,R,CU,1,8,0.125,Garrett Hampson,641658.0
253597,Drew Pomeranz,519141,R,FF,7,8,0.875,Garrett Hampson,641658.0
253598,Drew Pomeranz,519141,L,FF,2,2,1.0,Gerardo Parra,467827.0
253599,Drew Pomeranz,519141,R,CU,3,5,0.6,Guillermo Heredia,628338.0
253600,Drew Pomeranz,519141,R,FF,2,5,0.4,Guillermo Heredia,628338.0
253601,Drew Pomeranz,519141,L,FF,4,4,1.0,Gunnar Henderson,683002.0
253602,Drew Pomeranz,519141,R,CU,2,7,0.2857142857142857,Ha-Seong Kim,673490.0
253603,Drew Pomeranz,519141,R,FF,5,7,0.7142857142857143,Ha-Seong Kim,673490.0
253604,Drew Pomeranz,519141,R,CU,1,5,0.2,Heliot Ramos,671218.0
253605,Drew Pomeranz,519141,R,FF,4,5,0.8,Heliot Ramos,671218.0
253606,Drew Pomeranz,519141,R,CU,2,6,0.3333333333333333,Henry Davis,680779.0
253607,Drew Pomeranz,519141,R,FF,4,6,0.6666666666666666,Henry Davis,680779.0
253608,Drew Pomeranz,519141,R,FF,1,1,1.0,Hunter Goodman,696100.0
253609,Drew Pomeranz,519141,R,CU,3,10,0.3,Isaac Collins,686555.0
253610,Drew Pomeranz,519141,R,FF,7,10,0.7,Isaac Collins,686555.0
253611,Drew Pomeranz,519141,L,CU,1,5,0.2,Isan Diaz,656371.0
253612,Drew Pomeranz,519141,L,FF,4,5,0.8,Isan Diaz,656371.0
253613,Drew Pomeranz,519141,R,CU,1,4,0.25,Isiah Kiner-Falefa,643396.0
253614,Drew Pomeranz,519141,R,FF,3,4,0.75,Isiah Kiner-Falefa,643396.0
253615,Drew Pomeranz,519141,R,FF,6,6,1.0,Ivan Herrera,671056.0
253616,Drew Pomeranz,519141,L,CU,1,3,0.3333333333333333,J.P. Crawford,641487.0
253617,Drew Pomeranz,519141,L,FF,2,3,0.6666666666666666,J.P. Crawford,641487.0
253618,Drew Pomeranz,519141,R,CU,1,3,0.3333333333333333,J.T. Realmuto,592663.0
253619,Drew Pomeranz,519141,R,FF,2,3,0.6666666666666666,J.T. Realmuto,592663.0
253620,Drew Pomeranz,519141,L,FF,4,4,1.0,Jace Peterson,607054.0
253621,Drew Pomeranz,519141,L,FF,5,5,1.0,Jack Suwinski,669261.0
253622,Drew Pomeranz,519141,L,CU,1,10,0.1,Jackie Bradley Jr.,598265.0
253623,Drew Pomeranz,519141,L,FF,9,10,0.9,Jackie Bradley Jr.,598265.0
253624,Drew Pomeranz,519141,R,CU,1,2,0.5,Jackson Chourio,694192.0
253625,Drew Pomeranz,519141,R,FF,1,2,0.5,Jackson Chourio,694192.0
253626,Drew Pomeranz,519141,R,CU,1,4,0.25,Jacob Young,696285.0
253627,Drew Pomeranz,519141,R,FF,3,4,0.75,Jacob Young,696285.0
253628,Drew Pomeranz,519141,L,FF,5,5,1.0,Jake Fraley,641584.0
253629,Drew Pomeranz,519141,R,CU,2,4,0.5,Jake Mangum,663968.0
253630,Drew Pomeranz,519141,R,FF,2,4,0.5,Jake Mangum,663968.0
253631,Drew Pomeranz,519141,L,CU,4,13,0.3076923076923077,James Wood,695578.0
253632,Drew Pomeranz,519141,L,FF,9,13,0.6923076923076923,James Wood,695578.0
253633,Drew Pomeranz,519141,R,CU,3,8,0.375,Jared Triolo,669707.0
253634,Drew Pomeranz,519141,R,FF,5,8,0.625,Jared Triolo,669707.0
253635,Drew Pomeranz,519141,L,CU,2,6,0.3333333333333333,Jarren Duran,680776.0
253636,Drew Pomeranz,519141,L,FF,4,6,0.6666666666666666,Jarren Duran,680776.0
253637,Drew Pomeranz,519141,R,CU,1,4,0.25,Jasson Dominguez,691176.0
253638,Drew Pomeranz,519141,R,FF,3,4,0.75,Jasson Dominguez,691176.0
253639,Drew Pomeranz,519141,L,CU,1,5,0.2,Jazz Chisholm,665862.0
253640,Drew Pomeranz,519141,L,FF,4,5,0.8,Jazz Chisholm,665862.0
253641,Drew Pomeranz,519141,R,CU,1,2,0.5,Jed Lowrie,476704.0
253642,Drew Pomeranz,519141,R,FF,1,2,0.5,Jed Lowrie,476704.0
253643,Drew Pomeranz,519141,R,CU,1,5,0.2,Jeremiah Jackson,669236.0
253644,Drew Pomeranz,519141,R,FF,4,5,0.8,Jeremiah Jackson,669236.0
253645,Drew Pomeranz,519141,L,FF,6,6,1.0,Jesse Winker,608385.0
253646,Drew Pomeranz,519141,R,CU,1,4,0.25,Jesus Aguilar,542583.0
253647,Drew Pomeranz,519141,R,FF,3,4,0.75,Jesus Aguilar,542583.0
253648,Drew Pomeranz,519141,L,FF,5,5,1.0,Joey Gallo,608336.0
253649,Drew Pomeranz,519141,R,FF,2,2,1.0,Joey Ortiz,687401.0
253650,Drew Pomeranz,519141,L,FF,4,4,1.0,Joey Votto,458015.0
253651,Drew Pomeranz,519141,R,CU,1,8,0.125,Johan Rojas,679032.0
253652,Drew Pomeranz,519141,R,FF,7,8,0.875,Johan Rojas,679032.0
253653,Drew Pomeranz,519141,L,CU,1,4,0.25,John Rave,670231.0
253654,Drew Pomeranz,519141,L,FF,3,4,0.75,John Rave,670231.0
253655,Drew Pomeranz,519141,R,FF,4,4,1.0,Jonathan India,663697.0
253656,Drew Pomeranz,519141,R,FF,4,4,1.0,Jordan Walker,691023.0
253657,Drew Pomeranz,519141,R,CU,1,5,0.2,Jordy Mercer,474568.0
253658,Drew Pomeranz,519141,R,FF,4,5,0.8,Jordy Mercer,474568.0
253659,Drew Pomeranz,519141,R,CU,1,3,0.3333333333333333,Jose Trevino,624431.0
253660,Drew Pomeranz,519141,R,FF,2,3,0.6666666666666666,Jose Trevino,624431.0
253661,Drew Pomeranz,519141,R,CU,2,7,0.2857142857142857,Josh Bell,605137.0
253662,Drew Pomeranz,519141,R,FF,5,7,0.7142857142857143,Josh Bell,605137.0
253663,Drew Pomeranz,519141,R,FF,6,6,1.0,Josh Harrison,543281.0
253664,Drew Pomeranz,519141,L,FF,4,4,1.0,Josh Lowe,666139.0
253665,Drew Pomeranz,519141,L,FF,3,3,1.0,Josh Rojas,668942.0
253666,Drew Pomeranz,519141,L,FF,2,2,1.0,Josh VanMeter,642165.0
253667,Drew Pomeranz,519141,L,CU,3,11,0.2727272727272727,Juan Soto,665742.0
253668,Drew Pomeranz,519141,L,FF,8,11,0.7272727272727273,Juan Soto,665742.0
253669,Drew Pomeranz,519141,R,CU,3,12,0.25,Justin Turner,457759.0
253670,Drew Pomeranz,519141,R,FF,9,12,0.75,Justin Turner,457759.0
253671,Drew Pomeranz,519141,R,CU,3,7,0.42857142857142855,Ke'Bryan Hayes,663647.0
253672,Drew Pomeranz,519141,R,FF,4,7,0.5714285714285714,Ke'Bryan Hayes,663647.0
253673,Drew Pomeranz,519141,R,CU,2,10,0.2,Ketel Marte,606466.0
253674,Drew Pomeranz,519141,R,FF,8,10,0.8,Ketel Marte,606466.0
253675,Drew Pomeranz,519141,R,CU,2,4,0.5,Kevin Newman,621028.0
253676,Drew Pomeranz,519141,R,FF,2,4,0.5,Kevin Newman,621028.0
253677,Drew Pomeranz,519141,R,CU,1,5,0.2,Kyle Farmer,571657.0
253678,Drew Pomeranz,519141,R,FF,4,5,0.8,Kyle Farmer,571657.0
253679,Drew Pomeranz,519141,L,CU,3,5,0.6,Kyle Isbel,664728.0
253680,Drew Pomeranz,519141,L,FF,2,5,0.4,Kyle Isbel,664728.0
253681,Drew Pomeranz,519141,L,CU,1,4,0.25,Kyle Manzardo,700932.0
253682,Drew Pomeranz,519141,L,FF,3,4,0.75,Kyle Manzardo,700932.0
253683,Drew Pomeranz,519141,L,FF,7,7,1.0,Kyle Schwarber,656941.0
253684,Drew Pomeranz,519141,L,CU,5,15,0.3333333333333333,Kyle Stowers,669065.0
253685,Drew Pomeranz,519141,L,FF,10,15,0.6666666666666666,Kyle Stowers,669065.0
253686,Drew Pomeranz,519141,L,CU,1,7,0.14285714285714285,Lars Nootbaar,663457.0
253687,Drew Pomeranz,519141,L,FF,6,7,0.8571428571428571,Lars Nootbaar,663457.0
253688,Drew Pomeranz,519141,R,CU,1,4,0.25,Lenyn Sosa,672820.0
253689,Drew Pomeranz,519141,R,FF,3,4,0.75,Lenyn Sosa,672820.0
253690,Drew Pomeranz,519141,R,CU,3,5,0.6,Lewis Brinson,621446.0
253691,Drew Pomeranz,519141,R,FF,2,5,0.4,Lewis Brinson,621446.0
253692,Drew Pomeranz,519141,R,CU,1,5,0.2,Luis Matos,682641.0
253693,Drew Pomeranz,519141,R,FF,4,5,0.8,Luis Matos,682641.0
253694,Drew Pomeranz,519141,R,FF,1,1,1.0,Luis Robert,673357.0
253695,Drew Pomeranz,519141,R,CU,1,5,0.2,Luisangel Acuna,682668.0
253696,Drew Pomeranz,519141,R,FF,4,5,0.8,Luisangel Acuna,682668.0
253697,Drew Pomeranz,519141,L,CU,5,10,0.5,Luke Raley,670042.0
253698,Drew Pomeranz,519141,L,FF,5,10,0.5,Luke Raley,670042.0
253699,Drew Pomeranz,519141,R,FF,6,6,1.0,Manny Pina,444489.0
253700,Drew Pomeranz,519141,R,FF,2,2,1.0,Mark Canha,592192.0
253701,Drew Pomeranz,519141,R,CU,2,6,0.3333333333333333,Mark Vientos,668901.0
253702,Drew Pomeranz,519141,R,FF,4,6,0.6666666666666666,Mark Vientos,668901.0
253703,Drew Pomeranz,519141,R,CU,5,10,0.5,Masyn Winn,691026.0
253704,Drew Pomeranz,519141,R,FF,5,10,0.5,Masyn Winn,691026.0
253705,Drew Pomeranz,519141,R,CU,1,5,0.2,Matt Chapman,656305.0
253706,Drew Pomeranz,519141,R,FF,4,5,0.8,Matt Chapman,656305.0
253707,Drew Pomeranz,519141,L,CU,1,5,0.2,Matt Olson,621566.0
253708,Drew Pomeranz,519141,L,FF,4,5,0.8,Matt Olson,621566.0
253709,Drew Pomeranz,519141,R,CU,1,1,1.0,Mauricio Dubon,643289.0
253710,Drew Pomeranz,519141,L,CU,1,10,0.1,Max Kepler,596146.0
253711,Drew Pomeranz,519141,L,FF,9,10,0.9,Max Kepler,596146.0
253712,Drew Pomeranz,519141,L,CU,1,9,0.1111111111111111,Max Muncy,571970.0
253713,Drew Pomeranz,519141,L,FF,8,9,0.8888888888888888,Max Muncy,571970.0
253714,Drew Pomeranz,519141,R,CU,2,4,0.5,Michael A. Taylor,572191.0
253715,Drew Pomeranz,519141,R,FF,2,4,0.5,Michael A. Taylor,572191.0
253716,Drew Pomeranz,519141,L,FF,6,6,1.0,Michael Harris II,671739.0
253717,Drew Pomeranz,519141,R,CU,1,1,1.0,Miguel Andujar,609280.0
253718,Drew Pomeranz,519141,R,CU,2,5,0.4,Miguel Vargas,678246.0
253719,Drew Pomeranz,519141,R,FF,3,5,0.6,Miguel Vargas,678246.0
253720,Drew Pomeranz,519141,L,CU,2,8,0.25,Mike Tauchman,643565.0
253721,Drew Pomeranz,519141,L,FF,6,8,0.75,Mike Tauchman,643565.0
253722,Drew Pomeranz,519141,L,FF,5,5,1.0,Mike Yastrzemski,573262.0
253723,Drew Pomeranz,519141,R,FF,3,3,1.0,Myles Straw,664702.0
253724,Drew Pomeranz,519141,R,CU,2,5,0.4,Nacho Alvarez,805373.0
253725,Drew Pomeranz,519141,R,FF,3,5,0.6,Nacho Alvarez,805373.0
253726,Drew Pomeranz,519141,L,FF,3,3,1.0,Nathaniel Lowe,663993.0
253727,Drew Pomeranz,519141,R,FF,2,2,1.0,Nick Ahmed,605113.0
253728,Drew Pomeranz,519141,R,CU,7,14,0.5,Nick Castellanos,592206.0
253729,Drew Pomeranz,519141,R,FF,7,14,0.5,Nick Castellanos,592206.0
253730,Drew Pomeranz,519141,R,CU,2,5,0.4,Nick Fortes,663743.0
253731,Drew Pomeranz,519141,R,FF,3,5,0.6,Nick Fortes,663743.0
253732,Drew Pomeranz,519141,R,CU,1,3,0.3333333333333333,Nick Gonzales,693304.0
253733,Drew Pomeranz,519141,R,FF,2,3,0.6666666666666666,Nick Gonzales,693304.0
253734,Drew Pomeranz,519141,R,FF,3,3,1.0,Nick Solak,669256.0
253735,Drew Pomeranz,519141,R,CU,1,4,0.25,Noelvi Marte,682622.0
253736,Drew Pomeranz,519141,R,FF,3,4,0.75,Noelvi Marte,682622.0
253737,Drew Pomeranz,519141,L,CU,1,6,0.16666666666666666,Nolan Gorman,669357.0
253738,Drew Pomeranz,519141,L,FF,5,6,0.8333333333333334,Nolan Gorman,669357.0
253739,Drew Pomeranz,519141,L,CU,1,7,0.14285714285714285,Omar Narvaez,553882.0
253740,Drew Pomeranz,519141,L,FF,6,7,0.8571428571428571,Omar Narvaez,553882.0
253741,Drew Pomeranz,519141,L,CU,4,10,0.4,Oneil Cruz,665833.0
253742,Drew Pomeranz,519141,L,FF,6,10,0.6,Oneil Cruz,665833.0
253743,Drew Pomeranz,519141,R,CU,1,3,0.3333333333333333,Orlando Arcia,606115.0
253744,Drew Pomeranz,519141,R,FF,2,3,0.6666666666666666,Orlando Arcia,606115.0
253745,Drew Pomeranz,519141,R,CU,2,7,0.2857142857142857,Otto Kemp,805249.0
253746,Drew Pomeranz,519141,R,FF,5,7,0.7142857142857143,Otto Kemp,805249.0
253747,Drew Pomeranz,519141,R,CU,1,5,0.2,Otto Lopez,672640.0
253748,Drew Pomeranz,519141,R,FF,4,5,0.8,Otto Lopez,672640.0
253749,Drew Pomeranz,519141,R,FF,5,5,1.0,Ozzie Albies,645277.0
253750,Drew Pomeranz,519141,R,CU,1,5,0.2,Patrick Bailey,672275.0
253751,Drew Pomeranz,519141,R,FF,4,5,0.8,Patrick Bailey,672275.0
253752,Drew Pomeranz,519141,R,FF,4,4,1.0,Pedro Pages,686780.0
253753,Drew Pomeranz,519141,R,CU,1,4,0.25,Pete Alonso,624413.0
253754,Drew Pomeranz,519141,R,FF,3,4,0.75,Pete Alonso,624413.0
253755,Drew Pomeranz,519141,R,CU,3,8,0.375,Rafael Flores,804668.0
253756,Drew Pomeranz,519141,R,FF,5,8,0.625,Rafael Flores,804668.0
253757,Drew Pomeranz,519141,L,FF,1,1,1.0,Raimel Tapia,606132.0
253758,Drew Pomeranz,519141,R,FF,6,6,1.0,Rhys Hoskins,656555.0
253759,Drew Pomeranz,519141,L,FF,2,2,1.0,Richie Palacios,680700.0
253760,Drew Pomeranz,519141,R,CU,2,3,0.6666666666666666,Riley Adams,656180.0
253761,Drew Pomeranz,519141,R,FF,1,3,0.3333333333333333,Riley Adams,656180.0
253762,Drew Pomeranz,519141,L,CU,1,7,0.14285714285714285,Roman Anthony,701350.0
253763,Drew Pomeranz,519141,L,FF,6,7,0.8571428571428571,Roman Anthony,701350.0
253764,Drew Pomeranz,519141,R,CU,3,4,0.75,Ronald Acuna Jr.,660670.0
253765,Drew Pomeranz,519141,R,FF,1,4,0.25,Ronald Acuna Jr.,660670.0
253766,Drew Pomeranz,519141,L,FF,6,6,1.0,Ronald Guzman,608597.0
253767,Drew Pomeranz,519141,R,CU,1,3,0.3333333333333333,Royce Lewis,668904.0
253768,Drew Pomeranz,519141,R,FF,2,3,0.6666666666666666,Royce Lewis,668904.0
253769,Drew Pomeranz,519141,R,CU,1,1,1.0,Ryan Jeffers,680777.0
253770,Drew Pomeranz,519141,L,CU,1,6,0.16666666666666666,Ryan McMahon,641857.0
253771,Drew Pomeranz,519141,L,FF,5,6,0.8333333333333334,Ryan McMahon,641857.0
253772,Drew Pomeranz,519141,L,CU,2,7,0.2857142857142857,Sal Frelick,686217.0
253773,Drew Pomeranz,519141,L,FF,5,7,0.7142857142857143,Sal Frelick,686217.0
253774,Drew Pomeranz,519141,L,CU,1,3,0.3333333333333333,Sam Hilliard,656541.0
253775,Drew Pomeranz,519141,L,FF,2,3,0.6666666666666666,Sam Hilliard,656541.0
253776,Drew Pomeranz,519141,R,CU,1,6,0.16666666666666666,Santiago Espinal,669289.0
253777,Drew Pomeranz,519141,R,FF,5,6,0.8333333333333334,Santiago Espinal,669289.0
253778,Drew Pomeranz,519141,R,CU,2,10,0.2,Sean Murphy,669221.0
253779,Drew Pomeranz,519141,R,FF,8,10,0.8,Sean Murphy,669221.0
253780,Drew Pomeranz,519141,L,CU,2,6,0.3333333333333333,Spencer Horwitz,687462.0
253781,Drew Pomeranz,519141,L,FF,4,6,0.6666666666666666,Spencer Horwitz,687462.0
253782,Drew Pomeranz,519141,R,CU,1,10,0.1,Spencer Steer,668715.0
253783,Drew Pomeranz,519141,R,FF,9,10,0.9,Spencer Steer,668715.0
253784,Drew Pomeranz,519141,R,CU,3,6,0.5,Starlin Castro,516770.0
253785,Drew Pomeranz,519141,R,FF,3,6,0.5,Starlin Castro,516770.0
253786,Drew Pomeranz,519141,R,CU,4,12,0.3333333333333333,Starling Marte,516782.0
253787,Drew Pomeranz,519141,R,FF,8,12,0.6666666666666666,Starling Marte,516782.0
253788,Drew Pomeranz,519141,R,FF,2,2,1.0,Stephen Piscotty,572039.0
253789,Drew Pomeranz,519141,L,FF,4,4,1.0,Stephen Vogt,519390.0
253790,Drew Pomeranz,519141,L,FF,3,3,1.0,Steven Kwan,680757.0
253791,Drew Pomeranz,519141,L,CU,1,10,0.1,TJ Friedl,670770.0
253792,Drew Pomeranz,519141,L,FF,9,10,0.9,TJ Friedl,670770.0
253793,Drew Pomeranz,519141,R,FF,3,3,1.0,Thomas Saggese,695336.0
253794,Drew Pomeranz,519141,R,CU,1,4,0.25,Todd Frazier,453943.0
253795,Drew Pomeranz,519141,R,FF,3,4,0.75,Todd Frazier,453943.0
253796,Drew Pomeranz,519141,L,CU,1,4,0.25,Tommy La Stella,600303.0
253797,Drew Pomeranz,519141,L,FF,3,4,0.75,Tommy La Stella,600303.0
253798,Drew Pomeranz,519141,R,CU,5,16,0.3125,Tommy Pham,502054.0
253799,Drew Pomeranz,519141,R,FF,11,16,0.6875,Tommy Pham,502054.0
253800,Drew Pomeranz,519141,L,FF,5,5,1.0,Travis Shaw,543768.0
253801,Drew Pomeranz,519141,R,CU,3,5,0.6,Trea Turner,607208.0
253802,Drew Pomeranz,519141,R,FF,2,5,0.4,Trea Turner,607208.0
253803,Drew Pomeranz,519141,R,CU,2,4,0.5,Tres Barrera,668663.0
253804,Drew Pomeranz,519141,R,FF,2,4,0.5,Tres Barrera,668663.0
253805,Drew Pomeranz,519141,L,FF,4,4,1.0,Trevor Larnach,663616.0
253806,Drew Pomeranz,519141,R,FF,5,5,1.0,Tyler Freeman,671289.0
253807,Drew Pomeranz,519141,R,CU,1,2,0.5,Tyler Heineman,623168.0
253808,Drew Pomeranz,519141,R,FF,1,2,0.5,Tyler Heineman,623168.0
253809,Drew Pomeranz,519141,R,CU,3,16,0.1875,Tyler Stephenson,663886.0
253810,Drew Pomeranz,519141,R,FF,13,16,0.8125,Tyler Stephenson,663886.0
253811,Drew Pomeranz,519141,R,FF,2,2,1.0,Tyler Tolbert,686475.0
253812,Drew Pomeranz,519141,R,FF,6,6,1.0,Tyrone Taylor,621438.0
253813,Drew Pomeranz,519141,R,CU,2,5,0.4,Victor Caratini,605170.0
253814,Drew Pomeranz,519141,R,FF,3,5,0.6,Victor Caratini,605170.0
253815,Drew Pomeranz,519141,R,CU,1,4,0.25,Victor Robles,645302.0
253816,Drew Pomeranz,519141,R,FF,3,4,0.75,Victor Robles,645302.0
253817,Drew Pomeranz,519141,R,FF,1,1,1.0,Will Smith,669257.0
253818,Drew Pomeranz,519141,R,CU,2,5,0.4,William Contreras,661388.0
253819,Drew Pomeranz,519141,R,FF,3,5,0.6,William Contreras,661388.0
253820,Drew Pomeranz,519141,R,CU,3,12,0.25,Willson Contreras,575929.0
253821,Drew Pomeranz,519141,R,FF,9,12,0.75,Willson Contreras,575929.0
253822,Drew Pomeranz,519141,R,CU,2,2,1.0,Wilmer Flores,527038.0
253823,Drew Pomeranz,519141,R,CU,1,6,0.16666666666666666,Wyatt Mathisen,621500.0
253824,Drew Pomeranz,519141,R,FF,5,6,0.8333333333333334,Wyatt Mathisen,621500.0
253825,Drew Pomeranz,519141,R,CU,1,4,0.25,Yan Gomes,543228.0
253826,Drew Pomeranz,519141,R,FF,3,4,0.75,Yan Gomes,543228.0
253827,Drew Pomeranz,519141,L,FF,3,3,1.0,Yanquiel Fernandez,692585.0
253828,Drew Pomeranz,519141,R,CU,1,2,0.5,Yohel Pozo,650968.0
253829,Drew Pomeranz,519141,R,FF,1,2,0.5,Yohel Pozo,650968.0
253830,Drew Pomeranz,519141,L,FF,3,3,1.0,Zach McKinstry,656716.0
840820,Trevor Megill,656730,R,CU,2,4,0.5,A.J. Pollock,572041.0
840821,Trevor Megill,656730,R,FF,2,4,0.5,A.J. Pollock,572041.0
840822,Trevor Megill,656730,L,CU,2,14,0.14285714285714285,Aaron Hicks,543305.0
840823,Trevor Megill,656730,L,FF,12,14,0.8571428571428571,Aaron Hicks,543305.0
840824,Trevor Megill,656730,R,CU,4,11,0.36363636363636365,Aaron Judge,592450.0
840825,Trevor Megill,656730,R,FF,3,11,0.2727272727272727,Aaron Judge,592450.0
840826,Trevor Megill,656730,R,SL,4,11,0.36363636363636365,Aaron Judge,592450.0
840827,Trevor Megill,656730,L,CU,3,4,0.75,Abraham Toro,647351.0
840828,Trevor Megill,656730,L,FF,1,4,0.25,Abraham Toro,647351.0
840829,Trevor Megill,656730,L,CU,4,6,0.6666666666666666,Adam Frazier,624428.0
840830,Trevor Megill,656730,L,FF,2,6,0.3333333333333333,Adam Frazier,624428.0
840831,Trevor Megill,656730,L,CU,2,8,0.25,Adley Rutschman,668939.0
840832,Trevor Megill,656730,L,FF,6,8,0.75,Adley Rutschman,668939.0
840833,Trevor Megill,656730,R,FF,7,7,1.0,Adolis Garcia,666969.0
840834,Trevor Megill,656730,R,CU,4,11,0.36363636363636365,Alec Bohm,664761.0
840835,Trevor Megill,656730,R,FF,7,11,0.6363636363636364,Alec Bohm,664761.0
840836,Trevor Megill,656730,L,CU,2,6,0.3333333333333333,Alec Burleson,676475.0
840837,Trevor Megill,656730,L,FF,4,6,0.6666666666666666,Alec Burleson,676475.0
840838,Trevor Megill,656730,R,CU,3,11,0.2727272727272727,Alejandro Kirk,672386.0
840839,Trevor Megill,656730,R,FF,8,11,0.7272727272727273,Alejandro Kirk,672386.0
840840,Trevor Megill,656730,L,CU,3,13,0.23076923076923078,Alek Thomas,677950.0
840841,Trevor Megill,656730,L,FF,10,13,0.7692307692307693,Alek Thomas,677950.0
840842,Trevor Megill,656730,R,CU,1,11,0.09090909090909091,Alex Bregman,608324.0
840843,Trevor Megill,656730,R,FF,7,11,0.6363636363636364,Alex Bregman,608324.0
840844,Trevor Megill,656730,R,SL,3,11,0.2727272727272727,Alex Bregman,608324.0
840845,Trevor Megill,656730,R,CU,1,5,0.2,Alex Call,669743.0
840846,Trevor Megill,656730,R,FF,4,5,0.8,Alex Call,669743.0
840847,Trevor Megill,656730,R,CU,2,6,0.3333333333333333,Alex Jackson,656577.0
840848,Trevor Megill,656730,R,FF,3,6,0.5,Alex Jackson,656577.0
840849,Trevor Megill,656730,R,SL,1,6,0.16666666666666666,Alex Jackson,656577.0
840850,Trevor Megill,656730,L,CU,1,2,0.5,Alex Verdugo,657077.0
840851,Trevor Megill,656730,L,FF,1,2,0.5,Alex Verdugo,657077.0
840852,Trevor Megill,656730,R,CU,4,4,1.0,Alexander Canario,672744.0
840853,Trevor Megill,656730,L,CU,3,8,0.375,Alfonso Rivas,663845.0
840854,Trevor Megill,656730,L,FF,4,8,0.5,Alfonso Rivas,663845.0
840855,Trevor Megill,656730,L,SL,1,8,0.125,Alfonso Rivas,663845.0
840856,Trevor Megill,656730,R,FF,3,5,0.6,Amed Rosario,642708.0
840857,Trevor Megill,656730,R,SL,2,5,0.4,Amed Rosario,642708.0
840858,Trevor Megill,656730,L,CU,1,6,0.16666666666666666,Andres Gimenez,665926.0
840859,Trevor Megill,656730,L,FF,5,6,0.8333333333333334,Andres Gimenez,665926.0
840860,Trevor Megill,656730,L,CU,4,10,0.4,Andrew Benintendi,643217.0
840861,Trevor Megill,656730,L,FF,6,10,0.6,Andrew Benintendi,643217.0
840862,Trevor Megill,656730,L,FF,6,6,1.0,Andrew Knapp,595284.0
840863,Trevor Megill,656730,R,FF,8,8,1.0,Andrew McCutchen,457705.0
840864,Trevor Megill,656730,R,CU,8,19,0.42105263157894735,Andrew Vaughn,683734.0
840865,Trevor Megill,656730,R,FF,11,19,0.5789473684210527,Andrew Vaughn,683734.0
840866,Trevor Megill,656730,L,CU,1,4,0.25,Andrew Velazquez,623205.0
840867,Trevor Megill,656730,L,FF,3,4,0.75,Andrew Velazquez,623205.0
840868,Trevor Megill,656730,R,CU,3,10,0.3,Andy Pages,681624.0
840869,Trevor Megill,656730,R,FF,7,10,0.7,Andy Pages,681624.0
840870,Trevor Megill,656730,L,FF,5,5,1.0,Angel Martinez,682657.0
840871,Trevor Megill,656730,L,FF,1,1,1.0,Anthony Rizzo,519203.0
840872,Trevor Megill,656730,L,FF,4,4,1.0,Anthony Santander,623993.0
840873,Trevor Megill,656730,R,CU,1,3,0.3333333333333333,Anthony Volpe,683011.0
840874,Trevor Megill,656730,R,FF,2,3,0.6666666666666666,Anthony Volpe,683011.0
840875,Trevor Megill,656730,R,FF,3,5,0.6,Aristides Aquino,606157.0
840876,Trevor Megill,656730,R,SL,2,5,0.4,Aristides Aquino,606157.0
840877,Trevor Megill,656730,R,FF,3,3,1.0,Austin Hays,669720.0
840878,Trevor Megill,656730,R,FF,5,5,1.0,Austin Riley,663586.0
840879,Trevor Megill,656730,L,FF,2,2,1.0,Austin Shenton,668853.0
840880,Trevor Megill,656730,R,FF,4,4,1.0,Austin Slater,596103.0
840881,Trevor Megill,656730,L,CU,1,4,0.25,Austin Wells,669224.0
840882,Trevor Megill,656730,L,FF,3,4,0.75,Austin Wells,669224.0
840883,Trevor Megill,656730,R,FF,3,4,0.75,Avisail Garcia,541645.0
840884,Trevor Megill,656730,R,SL,1,4,0.25,Avisail Garcia,541645.0
840885,Trevor Megill,656730,L,CU,4,9,0.4444444444444444,Ben Gamel,592325.0
840886,Trevor Megill,656730,L,FF,3,9,0.3333333333333333,Ben Gamel,592325.0
840887,Trevor Megill,656730,L,SI,2,9,0.2222222222222222,Ben Gamel,592325.0
840888,Trevor Megill,656730,L,FF,4,4,1.0,Blake Sabol,666165.0
840889,Trevor Megill,656730,R,CU,3,8,0.375,Bo Bichette,666182.0
840890,Trevor Megill,656730,R,FF,5,8,0.625,Bo Bichette,666182.0
840891,Trevor Megill,656730,L,FF,4,4,1.0,Bo Naylor,666310.0
840892,Trevor Megill,656730,R,CU,2,3,0.6666666666666666,Bobby Dalbec,666915.0
840893,Trevor Megill,656730,R,FF,1,3,0.3333333333333333,Bobby Dalbec,666915.0
840894,Trevor Megill,656730,R,CU,3,9,0.3333333333333333,Bobby Witt Jr.,677951.0
840895,Trevor Megill,656730,R,FF,6,9,0.6666666666666666,Bobby Witt Jr.,677951.0
840896,Trevor Megill,656730,L,CU,7,7,1.0,Brad Miller,543543.0
840897,Trevor Megill,656730,L,CU,1,9,0.1111111111111111,Brandon Crawford,543063.0
840898,Trevor Megill,656730,L,FF,7,9,0.7777777777777778,Brandon Crawford,543063.0
840899,Trevor Megill,656730,L,SL,1,9,0.1111111111111111,Brandon Crawford,543063.0
840900,Trevor Megill,656730,L,CU,5,17,0.29411764705882354,Brandon Marsh,669016.0
840901,Trevor Megill,656730,L,FF,12,17,0.7058823529411765,Brandon Marsh,669016.0
840902,Trevor Megill,656730,L,CU,7,17,0.4117647058823529,Brandon Nimmo,607043.0
840903,Trevor Megill,656730,L,FF,10,17,0.5882352941176471,Brandon Nimmo,607043.0
840904,Trevor Megill,656730,R,CU,1,2,0.5,Braxton Fulford,690924.0
840905,Trevor Megill,656730,R,FF,1,2,0.5,Braxton Fulford,690924.0
840906,Trevor Megill,656730,L,CU,1,11,0.09090909090909091,Brendan Donovan,680977.0
840907,Trevor Megill,656730,L,FF,10,11,0.9090909090909091,Brendan Donovan,680977.0
840908,Trevor Megill,656730,R,CU,5,13,0.38461538461538464,Brendan Rodgers,663898.0
840909,Trevor Megill,656730,R,FF,7,13,0.5384615384615384,Brendan Rodgers,663898.0
840910,Trevor Megill,656730,R,SL,1,13,0.07692307692307693,Brendan Rodgers,663898.0
840911,Trevor Megill,656730,R,CU,5,8,0.625,Brenton Doyle,686668.0
840912,Trevor Megill,656730,R,FF,3,8,0.375,Brenton Doyle,686668.0
840913,Trevor Megill,656730,L,FF,5,5,1.0,Brett Wisely,689172.0
840914,Trevor Megill,656730,L,CU,1,4,0.25,Brooks Lee,686797.0
840915,Trevor Megill,656730,L,FF,3,4,0.75,Brooks Lee,686797.0
840916,Trevor Megill,656730,R,CU,1,7,0.14285714285714285,Bryan De La Cruz,650559.0
840917,Trevor Megill,656730,R,FF,6,7,0.8571428571428571,Bryan De La Cruz,650559.0
840918,Trevor Megill,656730,L,CU,6,14,0.42857142857142855,Bryan Reynolds,668804.0
840919,Trevor Megill,656730,L,FF,8,14,0.5714285714285714,Bryan Reynolds,668804.0
840920,Trevor Megill,656730,L,CU,1,9,0.1111111111111111,Bryce Harper,547180.0
840921,Trevor Megill,656730,L,FF,7,9,0.7777777777777778,Bryce Harper,547180.0
840922,Trevor Megill,656730,L,SL,1,9,0.1111111111111111,Bryce Harper,547180.0
840923,Trevor Megill,656730,L,CU,4,12,0.3333333333333333,Bryson Stott,681082.0
840924,Trevor Megill,656730,L,FF,8,12,0.6666666666666666,Bryson Stott,681082.0
840925,Trevor Megill,656730,R,CU,1,3,0.3333333333333333,Bubba Thompson,669352.0
840926,Trevor Megill,656730,R,SL,2,3,0.6666666666666666,Bubba Thompson,669352.0
840927,Trevor Megill,656730,R,CU,3,4,0.75,Byron Buxton,621439.0
840928,Trevor Megill,656730,R,FF,1,4,0.25,Byron Buxton,621439.0
840929,Trevor Megill,656730,L,CU,1,4,0.25,C.J. Abrams,682928.0
840930,Trevor Megill,656730,L,FF,3,4,0.75,C.J. Abrams,682928.0
840931,Trevor Megill,656730,L,CU,1,1,1.0,Cal Raleigh,663728.0
840932,Trevor Megill,656730,R,CU,1,5,0.2,Cam Gallagher,595956.0
840933,Trevor Megill,656730,R,FF,4,5,0.8,Cam Gallagher,595956.0
840934,Trevor Megill,656730,L,CU,1,10,0.1,Carlos Santana,467793.0
840935,Trevor Megill,656730,L,FF,9,10,0.9,Carlos Santana,467793.0
840936,Trevor Megill,656730,R,CU,1,7,0.14285714285714285,Carson Kelly,608348.0
840937,Trevor Megill,656730,R,FF,6,7,0.8571428571428571,Carson Kelly,608348.0
840938,Trevor Megill,656730,R,CU,4,7,0.5714285714285714,Casey Schmitt,669477.0
840939,Trevor Megill,656730,R,FF,3,7,0.42857142857142855,Casey Schmitt,669477.0
840940,Trevor Megill,656730,L,CU,3,6,0.5,Cavan Biggio,624415.0
840941,Trevor Megill,656730,L,FF,3,6,0.5,Cavan Biggio,624415.0
840942,Trevor Megill,656730,R,CU,3,5,0.6,Ceddanne Rafaela,678882.0
840943,Trevor Megill,656730,R,FF,2,5,0.4,Ceddanne Rafaela,678882.0
840944,Trevor Megill,656730,L,CU,3,10,0.3,Cedric Mullins II,656775.0
840945,Trevor Megill,656730,L,FF,7,10,0.7,Cedric Mullins II,656775.0
840946,Trevor Megill,656730,L,CU,1,1,1.0,Cesar Hernandez,514917.0
840947,Trevor Megill,656730,L,CU,3,9,0.3333333333333333,Charlie Blackmon,453568.0
840948,Trevor Megill,656730,L,FF,5,9,0.5555555555555556,Charlie Blackmon,453568.0
840949,Trevor Megill,656730,L,SL,1,9,0.1111111111111111,Charlie Blackmon,453568.0
840950,Trevor Megill,656730,R,CU,2,4,0.5,Chas McCormick,676801.0
840951,Trevor Megill,656730,R,FF,2,4,0.5,Chas McCormick,676801.0
840952,Trevor Megill,656730,R,CU,5,12,0.4166666666666667,Christian Vazquez,543877.0
840953,Trevor Megill,656730,R,FF,4,12,0.3333333333333333,Christian Vazquez,543877.0
840954,Trevor Megill,656730,R,SI,1,12,0.08333333333333333,Christian Vazquez,543877.0
840955,Trevor Megill,656730,R,SL,2,12,0.16666666666666666,Christian Vazquez,543877.0
840956,Trevor Megill,656730,R,CU,7,21,0.3333333333333333,Christian Walker,572233.0
840957,Trevor Megill,656730,R,FF,14,21,0.6666666666666666,Christian Walker,572233.0
840958,Trevor Megill,656730,L,FF,5,6,0.8333333333333334,Christian Yelich,592885.0
840959,Trevor Megill,656730,L,SL,1,6,0.16666666666666666,Christian Yelich,592885.0
840960,Trevor Megill,656730,R,CU,5,16,0.3125,Christopher Morel,666624.0
840961,Trevor Megill,656730,R,FF,11,16,0.6875,Christopher Morel,666624.0
840962,Trevor Megill,656730,L,CU,2,4,0.5,Cody Bellinger,641355.0
840963,Trevor Megill,656730,L,FF,2,4,0.5,Cody Bellinger,641355.0
840964,Trevor Megill,656730,L,CU,3,9,0.3333333333333333,Cole Tucker,657061.0
840965,Trevor Megill,656730,L,FF,4,9,0.4444444444444444,Cole Tucker,657061.0
840966,Trevor Megill,656730,L,SI,1,9,0.1111111111111111,Cole Tucker,657061.0
840967,Trevor Megill,656730,L,SL,1,9,0.1111111111111111,Cole Tucker,657061.0
840968,Trevor Megill,656730,L,CU,2,4,0.5,Colin Moran,592567.0
840969,Trevor Megill,656730,L,FF,2,4,0.5,Colin Moran,592567.0
840970,Trevor Megill,656730,R,CU,5,14,0.35714285714285715,Connor Joe,656582.0
840971,Trevor Megill,656730,R,FF,9,14,0.6428571428571429,Connor Joe,656582.0
840972,Trevor Megill,656730,R,CU,1,5,0.2,Connor Wong,657136.0
840973,Trevor Megill,656730,R,FF,4,5,0.8,Connor Wong,657136.0
840974,Trevor Megill,656730,L,CU,9,23,0.391304347826087,Corbin Carroll,682998.0
840975,Trevor Megill,656730,L,FF,14,23,0.6086956521739131,Corbin Carroll,682998.0
840976,Trevor Megill,656730,R,CU,2,5,0.4,Corey Julks,667452.0
840977,Trevor Megill,656730,R,FF,3,5,0.6,Corey Julks,667452.0
840978,Trevor Megill,656730,L,CU,3,8,0.375,Corey Seager,608369.0
840979,Trevor Megill,656730,L,FF,5,8,0.625,Corey Seager,608369.0
840980,Trevor Megill,656730,R,CU,1,5,0.2,Curt Casali,592200.0
840981,Trevor Megill,656730,R,FF,4,5,0.8,Curt Casali,592200.0
840982,Trevor Megill,656730,R,CU,4,14,0.2857142857142857,D.J. LeMahieu,518934.0
840983,Trevor Megill,656730,R,FF,10,14,0.7142857142857143,D.J. LeMahieu,518934.0
840984,Trevor Megill,656730,L,FF,4,4,1.0,D.J. Stewart,621466.0
840985,Trevor Megill,656730,R,CU,4,6,0.6666666666666666,Dane Myers,667472.0
840986,Trevor Megill,656730,R,FF,2,6,0.3333333333333333,Dane Myers,667472.0
840987,Trevor Megill,656730,R,FF,6,6,1.0,Danny Jansen,643376.0
840988,Trevor Megill,656730,R,CU,5,22,0.22727272727272727,Dansby Swanson,621020.0
840989,Trevor Megill,656730,R,FF,17,22,0.7727272727272727,Dansby Swanson,621020.0
840990,Trevor Megill,656730,L,FF,4,4,1.0,Darick Hall,669742.0
840991,Trevor Megill,656730,R,SL,1,1,1.0,David Fletcher,664058.0
840992,Trevor Megill,656730,L,CU,1,5,0.2,David Hamilton,666152.0
840993,Trevor Megill,656730,L,FF,4,5,0.8,David Hamilton,666152.0
840994,Trevor Megill,656730,L,CU,1,6,0.16666666666666666,David Peralta,444482.0
840995,Trevor Megill,656730,L,FF,4,6,0.6666666666666666,David Peralta,444482.0
840996,Trevor Megill,656730,L,SI,1,6,0.16666666666666666,David Peralta,444482.0
840997,Trevor Megill,656730,R,CU,1,2,0.5,Davis Schneider,676914.0
840998,Trevor Megill,656730,R,FF,1,2,0.5,Davis Schneider,676914.0
840999,Trevor Megill,656730,R,FF,3,3,1.0,Davis Wendzel,673995.0
841000,Trevor Megill,656730,R,CU,3,6,0.5,Daz Cameron,663662.0
841001,Trevor Megill,656730,R,FF,3,6,0.5,Daz Cameron,663662.0
841002,Trevor Megill,656730,R,CU,1,7,0.14285714285714285,Derek Hill,656537.0
841003,Trevor Megill,656730,R,FF,6,7,0.8571428571428571,Derek Hill,656537.0
841004,Trevor Megill,656730,R,FF,3,3,1.0,Diego Castillo,660636.0
841005,Trevor Megill,656730,R,FF,1,1,1.0,Dillon Dingler,693307.0
841006,Trevor Megill,656730,L,CU,4,5,0.8,Dominic Smith,642086.0
841007,Trevor Megill,656730,L,FF,1,5,0.2,Dominic Smith,642086.0
841008,Trevor Megill,656730,R,CU,3,4,0.75,Donovan Solano,456781.0
841009,Trevor Megill,656730,R,FF,1,4,0.25,Donovan Solano,456781.0
841010,Trevor Megill,656730,L,CU,2,6,0.3333333333333333,Drake Baldwin,686948.0
841011,Trevor Megill,656730,L,FF,4,6,0.6666666666666666,Drake Baldwin,686948.0
841012,Trevor Megill,656730,L,FF,2,2,1.0,Dylan Carlson,666185.0
841013,Trevor Megill,656730,L,CU,3,3,1.0,Eddie Rosario,592696.0
841014,Trevor Megill,656730,L,FF,2,5,0.4,Eduardo Escobar,500871.0
841015,Trevor Megill,656730,L,SL,3,5,0.6,Eduardo Escobar,500871.0
841016,Trevor Megill,656730,R,FF,1,4,0.25,Edward Olivares,658668.0
841017,Trevor Megill,656730,R,SL,3,4,0.75,Edward Olivares,658668.0
841018,Trevor Megill,656730,R,CU,3,3,1.0,Eli White,642201.0
841019,Trevor Megill,656730,R,CU,3,17,0.17647058823529413,Elias Diaz,553869.0
841020,Trevor Megill,656730,R,FF,14,17,0.8235294117647058,Elias Diaz,553869.0
841021,Trevor Megill,656730,L,CU,6,11,0.5454545454545454,Elly De La Cruz,682829.0
841022,Trevor Megill,656730,L,FF,5,11,0.45454545454545453,Elly De La Cruz,682829.0
841023,Trevor Megill,656730,R,CU,2,9,0.2222222222222222,Eloy Jimenez,650391.0
841024,Trevor Megill,656730,R,FF,5,9,0.5555555555555556,Eloy Jimenez,650391.0
841025,Trevor Megill,656730,R,SL,2,9,0.2222222222222222,Eloy Jimenez,650391.0
841026,Trevor Megill,656730,R,CU,1,2,0.5,Elvis Andrus,462101.0
841027,Trevor Megill,656730,R,FF,1,2,0.5,Elvis Andrus,462101.0
841028,Trevor Megill,656730,R,CU,5,17,0.29411764705882354,Emmanuel Rivera,656896.0
841029,Trevor Megill,656730,R,FF,11,17,0.6470588235294118,Emmanuel Rivera,656896.0
841030,Trevor Megill,656730,R,SL,1,17,0.058823529411764705,Emmanuel Rivera,656896.0
841031,Trevor Megill,656730,R,FF,1,5,0.2,Enrique Hernandez,571771.0
841032,Trevor Megill,656730,R,SL,4,5,0.8,Enrique Hernandez,571771.0
841033,Trevor Megill,656730,L,CU,1,4,0.25,Estevan Florial,664314.0
841034,Trevor Megill,656730,L,FF,3,4,0.75,Estevan Florial,664314.0
841035,Trevor Megill,656730,R,CU,3,8,0.375,Eugenio Suarez,553993.0
841036,Trevor Megill,656730,R,FF,5,8,0.625,Eugenio Suarez,553993.0
841037,Trevor Megill,656730,R,CU,2,7,0.2857142857142857,Evan Longoria,446334.0
841038,Trevor Megill,656730,R,FF,5,7,0.7142857142857143,Evan Longoria,446334.0
841039,Trevor Megill,656730,R,CU,1,11,0.09090909090909091,Ezequiel Duran,677649.0
841040,Trevor Megill,656730,R,FF,8,11,0.7272727272727273,Ezequiel Duran,677649.0
841041,Trevor Megill,656730,R,SL,2,11,0.18181818181818182,Ezequiel Duran,677649.0
841042,Trevor Megill,656730,R,CU,2,7,0.2857142857142857,Ezequiel Tovar,678662.0
841043,Trevor Megill,656730,R,FF,5,7,0.7142857142857143,Ezequiel Tovar,678662.0
841044,Trevor Megill,656730,R,FF,7,7,1.0,Fernando Tatis Jr.,665487.0
841045,Trevor Megill,656730,R,CU,2,5,0.4,Francisco Alvarez,682626.0
841046,Trevor Megill,656730,R,FF,3,5,0.6,Francisco Alvarez,682626.0
841047,Trevor Megill,656730,L,CU,5,15,0.3333333333333333,Francisco Lindor,596019.0
841048,Trevor Megill,656730,L,FF,10,15,0.6666666666666666,Francisco Lindor,596019.0
841049,Trevor Megill,656730,L,CU,6,24,0.25,Freddie Freeman,518692.0
841050,Trevor Megill,656730,L,FF,15,24,0.625,Freddie Freeman,518692.0
841051,Trevor Megill,656730,L,SL,3,24,0.125,Freddie Freeman,518692.0
841052,Trevor Megill,656730,R,FF,2,2,1.0,Gabriel Moreno,672515.0
841053,Trevor Megill,656730,R,FF,3,3,1.0,Garrett Cooper,643265.0
841054,Trevor Megill,656730,R,CU,2,8,0.25,Garrett Hampson,641658.0
841055,Trevor Megill,656730,R,FF,6,8,0.75,Garrett Hampson,641658.0
841056,Trevor Megill,656730,R,FF,2,4,0.5,Gary Sanchez,596142.0
841057,Trevor Megill,656730,R,SL,2,4,0.5,Gary Sanchez,596142.0
841058,Trevor Megill,656730,L,CU,2,3,0.6666666666666666,Gavin Lux,666158.0
841059,Trevor Megill,656730,L,FF,1,3,0.3333333333333333,Gavin Lux,666158.0
841060,Trevor Megill,656730,L,CU,5,8,0.625,Gavin Sheets,657757.0
841061,Trevor Megill,656730,L,FF,3,8,0.375,Gavin Sheets,657757.0
841062,Trevor Megill,656730,R,CU,6,9,0.6666666666666666,George Springer,543807.0
841063,Trevor Megill,656730,R,FF,3,9,0.3333333333333333,George Springer,543807.0
841064,Trevor Megill,656730,L,CU,6,23,0.2608695652173913,Geraldo Perdomo,672695.0
841065,Trevor Megill,656730,L,FF,17,23,0.7391304347826086,Geraldo Perdomo,672695.0
841066,Trevor Megill,656730,R,FF,11,13,0.8461538461538461,Giancarlo Stanton,519317.0
841067,Trevor Megill,656730,R,SL,2,13,0.15384615384615385,Giancarlo Stanton,519317.0
841068,Trevor Megill,656730,R,CU,1,3,0.3333333333333333,Gleyber Torres,650402.0
841069,Trevor Megill,656730,R,FF,2,3,0.6666666666666666,Gleyber Torres,650402.0
841070,Trevor Megill,656730,L,CU,2,8,0.25,Grant McCray,687529.0
841071,Trevor Megill,656730,L,FF,6,8,0.75,Grant McCray,687529.0
841072,Trevor Megill,656730,R,CU,2,5,0.4,Guillermo Heredia,628338.0
841073,Trevor Megill,656730,R,FF,1,5,0.2,Guillermo Heredia,628338.0
841074,Trevor Megill,656730,R,SL,2,5,0.4,Guillermo Heredia,628338.0
841075,Trevor Megill,656730,R,CU,7,17,0.4117647058823529,Ha-Seong Kim,673490.0
841076,Trevor Megill,656730,R,FF,10,17,0.5882352941176471,Ha-Seong Kim,673490.0
841077,Trevor Megill,656730,L,CU,7,14,0.5,Harold Castro,605612.0
841078,Trevor Megill,656730,L,FF,7,14,0.5,Harold Castro,605612.0
841079,Trevor Megill,656730,R,CU,4,16,0.25,Harrison Bader,664056.0
841080,Trevor Megill,656730,R,FF,12,16,0.75,Harrison Bader,664056.0
841081,Trevor Megill,656730,R,CU,1,8,0.125,Heliot Ramos,671218.0
841082,Trevor Megill,656730,R,FF,7,8,0.875,Heliot Ramos,671218.0
841083,Trevor Megill,656730,R,FF,1,1,1.0,Heriberto Hernandez,681715.0
841084,Trevor Megill,656730,L,CU,1,1,1.0,Heston Kjerstad,677008.0
841085,Trevor Megill,656730,L,CU,1,10,0.1,Hoy Park,660829.0
841086,Trevor Megill,656730,L,FF,8,10,0.8,Hoy Park,660829.0
841087,Trevor Megill,656730,L,SL,1,10,0.1,Hoy Park,660829.0
841088,Trevor Megill,656730,R,CU,6,8,0.75,Hunter Dozier,641531.0
841089,Trevor Megill,656730,R,FF,2,8,0.25,Hunter Dozier,641531.0
841090,Trevor Megill,656730,R,CU,4,5,0.8,Hunter Renfroe,592669.0
841091,Trevor Megill,656730,R,FF,1,5,0.2,Hunter Renfroe,592669.0
841092,Trevor Megill,656730,L,CU,4,11,0.36363636363636365,Ian Happ,664023.0
841093,Trevor Megill,656730,L,FF,7,11,0.6363636363636364,Ian Happ,664023.0
841094,Trevor Megill,656730,L,CU,1,3,0.3333333333333333,Ildemaro Vargas,545121.0
841095,Trevor Megill,656730,L,FF,2,3,0.6666666666666666,Ildemaro Vargas,545121.0
841096,Trevor Megill,656730,R,CU,1,5,0.2,Isaac Paredes,670623.0
841097,Trevor Megill,656730,R,FF,4,5,0.8,Isaac Paredes,670623.0
841098,Trevor Megill,656730,L,FF,3,4,0.75,Isan Diaz,656371.0
841099,Trevor Megill,656730,L,SL,1,4,0.25,Isan Diaz,656371.0
841100,Trevor Megill,656730,R,CU,1,13,0.07692307692307693,Isiah Kiner-Falefa,643396.0
841101,Trevor Megill,656730,R,FF,11,13,0.8461538461538461,Isiah Kiner-Falefa,643396.0
841102,Trevor Megill,656730,R,SL,1,13,0.07692307692307693,Isiah Kiner-Falefa,643396.0
841103,Trevor Megill,656730,R,FF,2,5,0.4,J.D. Martinez,502110.0
841104,Trevor Megill,656730,R,SL,3,5,0.6,J.D. Martinez,502110.0
841105,Trevor Megill,656730,L,CU,2,11,0.18181818181818182,J.P. Martinez,679881.0
841106,Trevor Megill,656730,L,FF,8,11,0.7272727272727273,J.P. Martinez,679881.0
841107,Trevor Megill,656730,L,SL,1,11,0.09090909090909091,J.P. Martinez,679881.0
841108,Trevor Megill,656730,R,CU,2,8,0.25,J.T. Realmuto,592663.0
841109,Trevor Megill,656730,R,FF,5,8,0.625,J.T. Realmuto,592663.0
841110,Trevor Megill,656730,R,SL,1,8,0.125,J.T. Realmuto,592663.0
841111,Trevor Megill,656730,L,CU,3,12,0.25,JJ Bleday,668709.0
841112,Trevor Megill,656730,L,FF,9,12,0.75,JJ Bleday,668709.0
841113,Trevor Megill,656730,L,CU,5,20,0.25,Jace Peterson,607054.0
841114,Trevor Megill,656730,L,FF,14,20,0.7,Jace Peterson,607054.0
841115,Trevor Megill,656730,L,SL,1,20,0.05,Jace Peterson,607054.0
841116,Trevor Megill,656730,L,CU,6,19,0.3157894736842105,Jack Suwinski,669261.0
841117,Trevor Megill,656730,L,FF,13,19,0.6842105263157895,Jack Suwinski,669261.0
841118,Trevor Megill,656730,L,FF,1,1,1.0,Jackson Holliday,702616.0
841119,Trevor Megill,656730,R,CU,1,6,0.16666666666666666,Jacob Stallings,607732.0
841120,Trevor Megill,656730,R,FF,5,6,0.8333333333333334,Jacob Stallings,607732.0
841121,Trevor Megill,656730,R,CU,2,10,0.2,Jacob Young,696285.0
841122,Trevor Megill,656730,R,FF,8,10,0.8,Jacob Young,696285.0
841123,Trevor Megill,656730,L,CU,2,6,0.3333333333333333,Jake Bauers,641343.0
841124,Trevor Megill,656730,L,FF,4,6,0.6666666666666666,Jake Bauers,641343.0
841125,Trevor Megill,656730,R,CU,5,10,0.5,Jake Burger,669394.0
841126,Trevor Megill,656730,R,FF,5,10,0.5,Jake Burger,669394.0
841127,Trevor Megill,656730,L,CU,2,7,0.2857142857142857,Jake Cave,595909.0
841128,Trevor Megill,656730,L,FF,3,7,0.42857142857142855,Jake Cave,595909.0
841129,Trevor Megill,656730,L,SL,2,7,0.2857142857142857,Jake Cave,595909.0
841130,Trevor Megill,656730,L,FF,3,3,1.0,Jake Cronenworth,630105.0
841131,Trevor Megill,656730,L,CU,1,5,0.2,Jake Fraley,641584.0
841132,Trevor Megill,656730,L,FF,4,5,0.8,Jake Fraley,641584.0
841133,Trevor Megill,656730,L,CU,1,3,0.3333333333333333,Jake McCarthy,664983.0
841134,Trevor Megill,656730,L,FF,2,3,0.6666666666666666,Jake McCarthy,664983.0
841135,Trevor Megill,656730,R,CU,3,7,0.42857142857142855,Jake Meyers,676694.0
841136,Trevor Megill,656730,R,FF,4,7,0.5714285714285714,Jake Meyers,676694.0
841137,Trevor Megill,656730,R,FF,1,2,0.5,James McCann,543510.0
841138,Trevor Megill,656730,R,SL,1,2,0.5,James McCann,543510.0
841139,Trevor Megill,656730,L,FF,1,1,1.0,James Outman,681546.0
841140,Trevor Megill,656730,R,FF,3,3,1.0,Jared Triolo,669707.0
841141,Trevor Megill,656730,L,CU,2,4,0.5,Jared Walsh,665120.0
841142,Trevor Megill,656730,L,FF,2,4,0.5,Jared Walsh,665120.0
841143,Trevor Megill,656730,L,CU,2,7,0.2857142857142857,Jarren Duran,680776.0
841144,Trevor Megill,656730,L,FF,5,7,0.7142857142857143,Jarren Duran,680776.0
841145,Trevor Megill,656730,R,CU,5,7,0.7142857142857143,Javier Baez,595879.0
841146,Trevor Megill,656730,R,FF,2,7,0.2857142857142857,Javier Baez,595879.0
841147,Trevor Megill,656730,R,FF,2,2,1.0,Javier Sanoja,691594.0
841148,Trevor Megill,656730,L,CU,3,8,0.375,Jazz Chisholm,665862.0
841149,Trevor Megill,656730,L,FF,5,8,0.625,Jazz Chisholm,665862.0
841150,Trevor Megill,656730,R,CU,1,3,0.3333333333333333,Jean Segura,516416.0
841151,Trevor Megill,656730,R,SI,2,3,0.6666666666666666,Jean Segura,516416.0
841152,Trevor Megill,656730,L,CU,3,6,0.5,Jeff McNeil,643446.0
841153,Trevor Megill,656730,L,FF,3,6,0.5,Jeff McNeil,643446.0
841154,Trevor Megill,656730,L,CU,3,15,0.2,Jeimer Candelario,600869.0
841155,Trevor Megill,656730,L,FF,12,15,0.8,Jeimer Candelario,600869.0
841156,Trevor Megill,656730,R,CU,1,6,0.16666666666666666,Jeremy Pena,665161.0
841157,Trevor Megill,656730,R,FF,3,6,0.5,Jeremy Pena,665161.0
841158,Trevor Megill,656730,R,SL,2,6,0.3333333333333333,Jeremy Pena,665161.0
841159,Trevor Megill,656730,L,CU,3,12,0.25,Jesse Winker,608385.0
841160,Trevor Megill,656730,L,FF,9,12,0.75,Jesse Winker,608385.0
841161,Trevor Megill,656730,L,CU,3,13,0.23076923076923078,Jesus Sanchez,660821.0
841162,Trevor Megill,656730,L,FF,10,13,0.7692307692307693,Jesus Sanchez,660821.0
841163,Trevor Megill,656730,L,CU,1,8,0.125,Ji Hwan Bae,678225.0
841164,Trevor Megill,656730,L,FF,7,8,0.875,Ji Hwan Bae,678225.0
841165,Trevor Megill,656730,R,SL,1,1,1.0,Jo Adell,666176.0
841166,Trevor Megill,656730,L,CU,1,2,0.5,Joc Pederson,592626.0
841167,Trevor Megill,656730,L,FF,1,2,0.5,Joc Pederson,592626.0
841168,Trevor Megill,656730,R,CU,6,18,0.3333333333333333,Joey Bart,663698.0
841169,Trevor Megill,656730,R,FF,11,18,0.6111111111111112,Joey Bart,663698.0
841170,Trevor Megill,656730,R,SL,1,18,0.05555555555555555,Joey Bart,663698.0
841171,Trevor Megill,656730,L,CU,3,7,0.42857142857142855,Joey Gallo,608336.0
841172,Trevor Megill,656730,L,FF,4,7,0.5714285714285714,Joey Gallo,608336.0
841173,Trevor Megill,656730,L,FF,1,3,0.3333333333333333,Joey Votto,458015.0
841174,Trevor Megill,656730,L,SL,2,3,0.6666666666666666,Joey Votto,458015.0
841175,Trevor Megill,656730,L,CU,1,5,0.2,Joey Wendle,621563.0
841176,Trevor Megill,656730,L,FF,3,5,0.6,Joey Wendle,621563.0
841177,Trevor Megill,656730,L,SL,1,5,0.2,Joey Wendle,621563.0
841178,Trevor Megill,656730,R,FF,2,2,1.0,Johan Rojas,679032.0
841179,Trevor Megill,656730,R,FF,6,6,1.0,Jon Berti,542932.0
841180,Trevor Megill,656730,L,CU,2,6,0.3333333333333333,Jon Singleton,572138.0
841181,Trevor Megill,656730,L,FF,4,6,0.6666666666666666,Jon Singleton,572138.0
841182,Trevor Megill,656730,R,CU,3,9,0.3333333333333333,Jonah Bride,681146.0
841183,Trevor Megill,656730,R,FF,6,9,0.6666666666666666,Jonah Bride,681146.0
841184,Trevor Megill,656730,L,CU,4,12,0.3333333333333333,Jonah Heim,641680.0
841185,Trevor Megill,656730,L,FF,6,12,0.5,Jonah Heim,641680.0
841186,Trevor Megill,656730,L,SL,2,12,0.16666666666666666,Jonah Heim,641680.0
841187,Trevor Megill,656730,R,CU,1,5,0.2,Jonathan Davis,641505.0
841188,Trevor Megill,656730,R,FF,4,5,0.8,Jonathan Davis,641505.0
841189,Trevor Megill,656730,R,CU,5,15,0.3333333333333333,Jonathan India,663697.0
841190,Trevor Megill,656730,R,FF,10,15,0.6666666666666666,Jonathan India,663697.0
841191,Trevor Megill,656730,R,CU,9,14,0.6428571428571429,Jonathan Schoop,570731.0
841192,Trevor Megill,656730,R,FF,5,14,0.35714285714285715,Jonathan Schoop,570731.0
841193,Trevor Megill,656730,R,CU,2,6,0.3333333333333333,Jordan Beck,687597.0
841194,Trevor Megill,656730,R,FF,4,6,0.6666666666666666,Jordan Beck,687597.0
841195,Trevor Megill,656730,R,CU,3,6,0.5,Jordan Walker,691023.0
841196,Trevor Megill,656730,R,FF,3,6,0.5,Jordan Walker,691023.0
841197,Trevor Megill,656730,R,CU,2,15,0.13333333333333333,Jose Abreu,547989.0
841198,Trevor Megill,656730,R,FF,12,15,0.8,Jose Abreu,547989.0
841199,Trevor Megill,656730,R,SL,1,15,0.06666666666666667,Jose Abreu,547989.0
841200,Trevor Megill,656730,R,CU,4,8,0.5,Jose Caballero,676609.0
841201,Trevor Megill,656730,R,FF,4,8,0.5,Jose Caballero,676609.0
841202,Trevor Megill,656730,R,FF,5,5,1.0,Jose Fermin,665877.0
841203,Trevor Megill,656730,R,CU,1,3,0.3333333333333333,Jose Garcia,676480.0
841204,Trevor Megill,656730,R,FF,2,3,0.6666666666666666,Jose Garcia,676480.0
841205,Trevor Megill,656730,L,CU,1,6,0.16666666666666666,Jose Herrera,645444.0
841206,Trevor Megill,656730,L,FF,5,6,0.8333333333333334,Jose Herrera,645444.0
841207,Trevor Megill,656730,L,FF,2,5,0.4,Jose Ramirez,608070.0
841208,Trevor Megill,656730,L,SL,3,5,0.6,Jose Ramirez,608070.0
841209,Trevor Megill,656730,R,CU,3,3,1.0,Jose Rondon,602922.0
841210,Trevor Megill,656730,R,FF,1,1,1.0,Jose Siri,642350.0
841211,Trevor Megill,656730,R,CU,3,17,0.17647058823529413,Jose Trevino,624431.0
841212,Trevor Megill,656730,R,FF,8,17,0.47058823529411764,Jose Trevino,624431.0
841213,Trevor Megill,656730,R,SI,1,17,0.058823529411764705,Jose Trevino,624431.0
841214,Trevor Megill,656730,R,SL,5,17,0.29411764705882354,Jose Trevino,624431.0
841215,Trevor Megill,656730,L,CU,2,13,0.15384615384615385,Josh Bell,605137.0
841216,Trevor Megill,656730,L,FF,11,13,0.8461538461538461,Josh Bell,605137.0
841217,Trevor Megill,656730,R,CU,2,13,0.15384615384615385,Josh Donaldson,518626.0
841218,Trevor Megill,656730,R,FF,6,13,0.46153846153846156,Josh Donaldson,518626.0
841219,Trevor Megill,656730,R,SI,1,13,0.07692307692307693,Josh Donaldson,518626.0
841220,Trevor Megill,656730,R,SL,4,13,0.3076923076923077,Josh Donaldson,518626.0
841221,Trevor Megill,656730,R,CU,1,2,0.5,Josh Harrison,543281.0
841222,Trevor Megill,656730,R,FF,1,2,0.5,Josh Harrison,543281.0
841223,Trevor Megill,656730,L,CU,3,3,1.0,Josh Naylor,647304.0
841224,Trevor Megill,656730,L,CU,1,6,0.16666666666666666,Josh Palacios,641943.0
841225,Trevor Megill,656730,L,FF,5,6,0.8333333333333334,Josh Palacios,641943.0
841226,Trevor Megill,656730,L,FF,1,1,1.0,Josh Smith,669701.0
841227,Trevor Megill,656730,L,CU,3,13,0.23076923076923078,Juan Soto,665742.0
841228,Trevor Megill,656730,L,FF,9,13,0.6923076923076923,Juan Soto,665742.0
841229,Trevor Megill,656730,L,SL,1,13,0.07692307692307693,Juan Soto,665742.0
841230,Trevor Megill,656730,R,CU,1,2,0.5,Juan Yepez,660766.0
841231,Trevor Megill,656730,R,FF,1,2,0.5,Juan Yepez,660766.0
841232,Trevor Megill,656730,R,CU,3,4,0.75,Julio Rodriguez,677594.0
841233,Trevor Megill,656730,R,FF,1,4,0.25,Julio Rodriguez,677594.0
841234,Trevor Megill,656730,L,CU,4,11,0.36363636363636365,Jung Hoo Lee,808982.0
841235,Trevor Megill,656730,L,FF,7,11,0.6363636363636364,Jung Hoo Lee,808982.0
841236,Trevor Megill,656730,L,CU,5,8,0.625,Jurickson Profar,595777.0
841237,Trevor Megill,656730,L,FF,3,8,0.375,Jurickson Profar,595777.0
841238,Trevor Megill,656730,R,FF,3,4,0.75,Justin Turner,457759.0
841239,Trevor Megill,656730,R,SL,1,4,0.25,Justin Turner,457759.0
841240,Trevor Megill,656730,R,CU,9,23,0.391304347826087,Ke'Bryan Hayes,663647.0
841241,Trevor Megill,656730,R,FF,14,23,0.6086956521739131,Ke'Bryan Hayes,663647.0
841242,Trevor Megill,656730,L,FF,1,1,1.0,Kerry Carpenter,681481.0
841243,Trevor Megill,656730,R,FF,5,5,1.0,Keston Hiura,669374.0
841244,Trevor Megill,656730,L,CU,4,9,0.4444444444444444,Ketel Marte,606466.0
841245,Trevor Megill,656730,L,FF,5,9,0.5555555555555556,Ketel Marte,606466.0
841246,Trevor Megill,656730,L,CU,5,8,0.625,Kevin Kiermaier,595281.0
841247,Trevor Megill,656730,L,FF,3,8,0.375,Kevin Kiermaier,595281.0
841248,Trevor Megill,656730,R,CU,5,18,0.2777777777777778,Kevin Newman,621028.0
841249,Trevor Megill,656730,R,FF,10,18,0.5555555555555556,Kevin Newman,621028.0
841250,Trevor Megill,656730,R,SL,3,18,0.16666666666666666,Kevin Newman,621028.0
841251,Trevor Megill,656730,R,FF,2,2,1.0,Kevin Pillar,607680.0
841252,Trevor Megill,656730,R,CU,1,4,0.25,Kevin Smith,675656.0
841253,Trevor Megill,656730,R,FF,3,4,0.75,Kevin Smith,675656.0
841254,Trevor Megill,656730,L,CU,3,8,0.375,Kole Calhoun,594777.0
841255,Trevor Megill,656730,L,FF,4,8,0.5,Kole Calhoun,594777.0
841256,Trevor Megill,656730,L,SL,1,8,0.125,Kole Calhoun,594777.0
841257,Trevor Megill,656730,L,CU,2,8,0.25,Kolten Wong,543939.0
841258,Trevor Megill,656730,L,FF,6,8,0.75,Kolten Wong,543939.0
841259,Trevor Megill,656730,R,CU,2,6,0.3333333333333333,Korey Lee,686676.0
841260,Trevor Megill,656730,R,FF,4,6,0.6666666666666666,Korey Lee,686676.0
841261,Trevor Megill,656730,L,FF,3,3,1.0,Kris Bubic,663460.0
841262,Trevor Megill,656730,R,FF,1,1,1.0,Kurt Suzuki,435559.0
841263,Trevor Megill,656730,R,CU,3,8,0.375,Kyle Farmer,571657.0
841264,Trevor Megill,656730,R,FF,5,8,0.625,Kyle Farmer,571657.0
841265,Trevor Megill,656730,L,CU,4,14,0.2857142857142857,Kyle Isbel,664728.0
841266,Trevor Megill,656730,L,FF,10,14,0.7142857142857143,Kyle Isbel,664728.0
841267,Trevor Megill,656730,L,CU,2,8,0.25,Kyle Schwarber,656941.0
841268,Trevor Megill,656730,L,FF,6,8,0.75,Kyle Schwarber,656941.0
841269,Trevor Megill,656730,L,CU,5,17,0.29411764705882354,Kyle Tucker,663656.0
841270,Trevor Megill,656730,L,FF,10,17,0.5882352941176471,Kyle Tucker,663656.0
841271,Trevor Megill,656730,L,SL,2,17,0.11764705882352941,Kyle Tucker,663656.0
841272,Trevor Megill,656730,L,CU,2,8,0.25,LaMonte Wade Jr.,664774.0
841273,Trevor Megill,656730,L,FF,6,8,0.75,LaMonte Wade Jr.,664774.0
841274,Trevor Megill,656730,R,CU,3,6,0.5,Lane Thomas,657041.0
841275,Trevor Megill,656730,R,FF,3,6,0.5,Lane Thomas,657041.0
841276,Trevor Megill,656730,L,CU,6,19,0.3157894736842105,Lars Nootbaar,663457.0
841277,Trevor Megill,656730,L,FF,13,19,0.6842105263157895,Lars Nootbaar,663457.0
841278,Trevor Megill,656730,L,CU,6,13,0.46153846153846156,Leody Taveras,665750.0
841279,Trevor Megill,656730,L,FF,7,13,0.5384615384615384,Leody Taveras,665750.0
841280,Trevor Megill,656730,L,CU,2,3,0.6666666666666666,Leury Garcia,544725.0
841281,Trevor Megill,656730,L,FF,1,3,0.3333333333333333,Leury Garcia,544725.0
841282,Trevor Megill,656730,L,CU,6,15,0.4,Liam Hicks,689414.0
841283,Trevor Megill,656730,L,FF,9,15,0.6,Liam Hicks,689414.0
841284,Trevor Megill,656730,R,CU,2,3,0.6666666666666666,Liover Peguero,678894.0
841285,Trevor Megill,656730,R,FF,1,3,0.3333333333333333,Liover Peguero,678894.0
841286,Trevor Megill,656730,L,CU,2,7,0.2857142857142857,Livan Soto,670869.0
841287,Trevor Megill,656730,L,FF,5,7,0.7142857142857143,Livan Soto,670869.0
841288,Trevor Megill,656730,R,CU,3,4,0.75,Logan O'Hoppe,681351.0
841289,Trevor Megill,656730,R,FF,1,4,0.25,Logan O'Hoppe,681351.0
841290,Trevor Megill,656730,R,CU,2,5,0.4,Lorenzo Cain,456715.0
841291,Trevor Megill,656730,R,FF,2,5,0.4,Lorenzo Cain,456715.0
841292,Trevor Megill,656730,R,SL,1,5,0.2,Lorenzo Cain,456715.0
841293,Trevor Megill,656730,R,CU,1,10,0.1,Lourdes Gurriel Jr.,666971.0
841294,Trevor Megill,656730,R,FF,3,10,0.3,Lourdes Gurriel Jr.,666971.0
841295,Trevor Megill,656730,R,SL,6,10,0.6,Lourdes Gurriel Jr.,666971.0
841296,Trevor Megill,656730,L,CU,3,10,0.3,Luis Arraez,650333.0
841297,Trevor Megill,656730,L,FF,6,10,0.6,Luis Arraez,650333.0
841298,Trevor Megill,656730,L,SL,1,10,0.1,Luis Arraez,650333.0
841299,Trevor Megill,656730,L,CU,1,4,0.25,Luis Garcia,671277.0
841300,Trevor Megill,656730,L,FF,3,4,0.75,Luis Garcia,671277.0
841301,Trevor Megill,656730,L,CU,2,2,1.0,Luis Gonzalez,670768.0
841302,Trevor Megill,656730,R,CU,1,5,0.2,Luis Matos,682641.0
841303,Trevor Megill,656730,R,FF,4,5,0.8,Luis Matos,682641.0
841304,Trevor Megill,656730,L,CU,4,11,0.36363636363636365,Luis Rengifo,650859.0
841305,Trevor Megill,656730,L,FF,7,11,0.6363636363636364,Luis Rengifo,650859.0
841306,Trevor Megill,656730,R,CU,2,12,0.16666666666666666,Luis Robert,673357.0
841307,Trevor Megill,656730,R,FF,10,12,0.8333333333333334,Luis Robert,673357.0
841308,Trevor Megill,656730,R,CU,1,1,1.0,Luis Torrens,620443.0
841309,Trevor Megill,656730,R,CU,3,17,0.17647058823529413,Luis Urias,649966.0
841310,Trevor Megill,656730,R,FF,11,17,0.6470588235294118,Luis Urias,649966.0
841311,Trevor Megill,656730,R,SL,3,17,0.17647058823529413,Luis Urias,649966.0
841312,Trevor Megill,656730,R,CU,1,5,0.2,Luke Maile,571912.0
841313,Trevor Megill,656730,R,FF,4,5,0.8,Luke Maile,571912.0
841314,Trevor Megill,656730,L,CU,2,4,0.5,Luke Raley,670042.0
841315,Trevor Megill,656730,L,FF,2,4,0.5,Luke Raley,670042.0
841316,Trevor Megill,656730,L,CU,6,14,0.42857142857142855,MJ Melendez,669004.0
841317,Trevor Megill,656730,L,FF,8,14,0.5714285714285714,MJ Melendez,669004.0
841318,Trevor Megill,656730,R,CU,2,6,0.3333333333333333,Maikel Garcia,672580.0
841319,Trevor Megill,656730,R,FF,4,6,0.6666666666666666,Maikel Garcia,672580.0
841320,Trevor Megill,656730,R,CU,5,18,0.2777777777777778,Manny Machado,592518.0
841321,Trevor Megill,656730,R,FF,11,18,0.6111111111111112,Manny Machado,592518.0
841322,Trevor Megill,656730,R,SL,2,18,0.1111111111111111,Manny Machado,592518.0
841323,Trevor Megill,656730,R,FF,3,5,0.6,Manny Pina,444489.0
841324,Trevor Megill,656730,R,SL,2,5,0.4,Manny Pina,444489.0
841325,Trevor Megill,656730,R,CU,7,14,0.5,Manuel Margot,622534.0
841326,Trevor Megill,656730,R,FF,7,14,0.5,Manuel Margot,622534.0
841327,Trevor Megill,656730,R,CU,1,6,0.16666666666666666,Marcell Ozuna,542303.0
841328,Trevor Megill,656730,R,FF,4,6,0.6666666666666666,Marcell Ozuna,542303.0
841329,Trevor Megill,656730,R,SL,1,6,0.16666666666666666,Marcell Ozuna,542303.0
841330,Trevor Megill,656730,L,CU,2,7,0.2857142857142857,Marcelo Mayer,691785.0
841331,Trevor Megill,656730,L,FF,5,7,0.7142857142857143,Marcelo Mayer,691785.0
841332,Trevor Megill,656730,R,CU,4,6,0.6666666666666666,Marco Luciano,682617.0
841333,Trevor Megill,656730,R,FF,2,6,0.3333333333333333,Marco Luciano,682617.0
841334,Trevor Megill,656730,R,CU,6,19,0.3157894736842105,Marcus Semien,543760.0
841335,Trevor Megill,656730,R,FF,11,19,0.5789473684210527,Marcus Semien,543760.0
841336,Trevor Megill,656730,R,SL,2,19,0.10526315789473684,Marcus Semien,543760.0
841337,Trevor Megill,656730,R,CU,3,5,0.6,Mark Canha,592192.0
841338,Trevor Megill,656730,R,FF,2,5,0.4,Mark Canha,592192.0
841339,Trevor Megill,656730,R,CU,1,5,0.2,Mark Mathias,664029.0
841340,Trevor Megill,656730,R,SL,4,5,0.8,Mark Mathias,664029.0
841341,Trevor Megill,656730,R,CU,1,2,0.5,Mark Vientos,668901.0
841342,Trevor Megill,656730,R,FF,1,2,0.5,Mark Vientos,668901.0
841343,Trevor Megill,656730,R,CU,3,15,0.2,Masyn Winn,691026.0
841344,Trevor Megill,656730,R,FF,12,15,0.8,Masyn Winn,691026.0
841345,Trevor Megill,656730,R,CU,4,18,0.2222222222222222,Matt Chapman,656305.0
841346,Trevor Megill,656730,R,FF,13,18,0.7222222222222222,Matt Chapman,656305.0
841347,Trevor Megill,656730,R,SL,1,18,0.05555555555555555,Matt Chapman,656305.0
841348,Trevor Megill,656730,R,CU,1,9,0.1111111111111111,Matt McLain,680574.0
841349,Trevor Megill,656730,R,FF,8,9,0.8888888888888888,Matt McLain,680574.0
841350,Trevor Megill,656730,L,CU,4,7,0.5714285714285714,Matt Olson,621566.0
841351,Trevor Megill,656730,L,FF,3,7,0.42857142857142855,Matt Olson,621566.0
841352,Trevor Megill,656730,L,CU,1,6,0.16666666666666666,Matt Thaiss,642136.0
841353,Trevor Megill,656730,L,FF,5,6,0.8333333333333334,Matt Thaiss,642136.0
841354,Trevor Megill,656730,R,CU,2,5,0.4,Matt Vierling,663837.0
841355,Trevor Megill,656730,R,FF,3,5,0.6,Matt Vierling,663837.0
841356,Trevor Megill,656730,L,CU,6,11,0.5454545454545454,Matt Wallner,670242.0
841357,Trevor Megill,656730,L,FF,5,11,0.45454545454545453,Matt Wallner,670242.0
841358,Trevor Megill,656730,R,FF,4,4,1.0,Matthew Batten,676946.0
841359,Trevor Megill,656730,R,FF,3,3,1.0,Mauricio Dubon,643289.0
841360,Trevor Megill,656730,L,CU,4,15,0.26666666666666666,Max Kepler,596146.0
841361,Trevor Megill,656730,L,FF,11,15,0.7333333333333333,Max Kepler,596146.0
841362,Trevor Megill,656730,L,CU,2,5,0.4,Max Muncy,571970.0
841363,Trevor Megill,656730,L,FF,3,5,0.6,Max Muncy,571970.0
841364,Trevor Megill,656730,L,CU,1,8,0.125,Max Schrock,621011.0
841365,Trevor Megill,656730,L,FF,7,8,0.875,Max Schrock,621011.0
841366,Trevor Megill,656730,R,FF,8,9,0.8888888888888888,Max Stassi,545358.0
841367,Trevor Megill,656730,R,SL,1,9,0.1111111111111111,Max Stassi,545358.0
841368,Trevor Megill,656730,R,FF,2,2,1.0,Michael A. Taylor,572191.0
841369,Trevor Megill,656730,L,CU,5,12,0.4166666666666667,Michael Busch,683737.0
841370,Trevor Megill,656730,L,FF,7,12,0.5833333333333334,Michael Busch,683737.0
841371,Trevor Megill,656730,R,FF,2,2,1.0,Michael Chavis,656308.0
841372,Trevor Megill,656730,L,CU,1,2,0.5,Michael Conforto,624424.0
841373,Trevor Megill,656730,L,FF,1,2,0.5,Michael Conforto,624424.0
841374,Trevor Megill,656730,L,CU,3,9,0.3333333333333333,Michael Harris II,671739.0
841375,Trevor Megill,656730,L,FF,6,9,0.6666666666666666,Michael Harris II,671739.0
841376,Trevor Megill,656730,L,CU,5,16,0.3125,Michael Massey,686681.0
841377,Trevor Megill,656730,L,FF,8,16,0.5,Michael Massey,686681.0
841378,Trevor Megill,656730,L,SI,1,16,0.0625,Michael Massey,686681.0
841379,Trevor Megill,656730,L,SL,2,16,0.125,Michael Massey,686681.0
841380,Trevor Megill,656730,L,CU,3,9,0.3333333333333333,Mickey Moniak,666160.0
841381,Trevor Megill,656730,L,FF,6,9,0.6666666666666666,Mickey Moniak,666160.0
841382,Trevor Megill,656730,R,FF,3,3,1.0,Miguel Andujar,609280.0
841383,Trevor Megill,656730,R,CU,1,4,0.25,Miguel Cabrera,408234.0
841384,Trevor Megill,656730,R,FF,3,4,0.75,Miguel Cabrera,408234.0
841385,Trevor Megill,656730,R,CU,3,8,0.375,Miguel Rojas,500743.0
841386,Trevor Megill,656730,R,FF,5,8,0.625,Miguel Rojas,500743.0
841387,Trevor Megill,656730,R,CU,1,2,0.5,Miguel Sano,593934.0
841388,Trevor Megill,656730,R,SI,1,2,0.5,Miguel Sano,593934.0
841389,Trevor Megill,656730,L,FF,2,2,1.0,Mike Moustakas,519058.0
841390,Trevor Megill,656730,L,FF,3,3,1.0,Mike Tauchman,643565.0
841391,Trevor Megill,656730,R,CU,5,15,0.3333333333333333,Mike Trout,545361.0
841392,Trevor Megill,656730,R,FF,7,15,0.4666666666666667,Mike Trout,545361.0
841393,Trevor Megill,656730,R,SL,3,15,0.2,Mike Trout,545361.0
841394,Trevor Megill,656730,L,CU,5,19,0.2631578947368421,Mike Yastrzemski,573262.0
841395,Trevor Megill,656730,L,FF,14,19,0.7368421052631579,Mike Yastrzemski,573262.0
841396,Trevor Megill,656730,L,FF,1,1,1.0,Miles Mastrobuoni,670156.0
841397,Trevor Megill,656730,R,CU,3,8,0.375,Mitch Garver,641598.0
841398,Trevor Megill,656730,R,FF,3,8,0.375,Mitch Garver,641598.0
841399,Trevor Megill,656730,R,SI,2,8,0.25,Mitch Garver,641598.0
841400,Trevor Megill,656730,R,CU,5,9,0.5555555555555556,Mitch Haniger,571745.0
841401,Trevor Megill,656730,R,FF,4,9,0.4444444444444444,Mitch Haniger,571745.0
841402,Trevor Megill,656730,R,CU,4,7,0.5714285714285714,Mookie Betts,605141.0
841403,Trevor Megill,656730,R,FF,3,7,0.42857142857142855,Mookie Betts,605141.0
841404,Trevor Megill,656730,L,CU,1,3,0.3333333333333333,Nathaniel Lowe,663993.0
841405,Trevor Megill,656730,L,FF,2,3,0.6666666666666666,Nathaniel Lowe,663993.0
841406,Trevor Megill,656730,R,FF,3,3,1.0,Nick Ahmed,605113.0
841407,Trevor Megill,656730,R,CU,2,8,0.25,Nick Castellanos,592206.0
841408,Trevor Megill,656730,R,FF,6,8,0.75,Nick Castellanos,592206.0
841409,Trevor Megill,656730,L,CU,1,13,0.07692307692307693,Nick Gordon,624503.0
841410,Trevor Megill,656730,L,FF,12,13,0.9230769230769231,Nick Gordon,624503.0
841411,Trevor Megill,656730,L,FF,3,3,1.0,Nick Pratto,668472.0
841412,Trevor Megill,656730,L,CU,5,19,0.2631578947368421,Nicky Lopez,670032.0
841413,Trevor Megill,656730,L,FF,14,19,0.7368421052631579,Nicky Lopez,670032.0
841414,Trevor Megill,656730,R,CU,2,7,0.2857142857142857,Nico Hoerner,663538.0
841415,Trevor Megill,656730,R,FF,5,7,0.7142857142857143,Nico Hoerner,663538.0
841416,Trevor Megill,656730,L,FF,1,1,1.0,Niko Goodrum,592348.0
841417,Trevor Megill,656730,R,CU,23,56,0.4107142857142857,Nolan Arenado,571448.0
841418,Trevor Megill,656730,R,FF,33,56,0.5892857142857143,Nolan Arenado,571448.0
841419,Trevor Megill,656730,L,CU,2,13,0.15384615384615385,Nolan Gorman,669357.0
841420,Trevor Megill,656730,L,FF,11,13,0.8461538461538461,Nolan Gorman,669357.0
841421,Trevor Megill,656730,L,FF,5,5,1.0,Nolan Jones,666134.0
841422,Trevor Megill,656730,L,FF,2,2,1.0,Nomar Mazara,608577.0
841423,Trevor Megill,656730,L,CU,1,4,0.25,Odubel Herrera,546318.0
841424,Trevor Megill,656730,L,FF,3,4,0.75,Odubel Herrera,546318.0
841425,Trevor Megill,656730,L,CU,1,6,0.16666666666666666,Omar Narvaez,553882.0
841426,Trevor Megill,656730,L,FF,5,6,0.8333333333333334,Omar Narvaez,553882.0
841427,Trevor Megill,656730,L,CU,6,9,0.6666666666666666,Oneil Cruz,665833.0
841428,Trevor Megill,656730,L,FF,3,9,0.3333333333333333,Oneil Cruz,665833.0
841429,Trevor Megill,656730,R,CU,3,4,0.75,Orlando Arcia,606115.0
841430,Trevor Megill,656730,R,FF,1,4,0.25,Orlando Arcia,606115.0
841431,Trevor Megill,656730,R,FF,1,1,1.0,Oscar Gonzalez,660757.0
841432,Trevor Megill,656730,R,FF,1,2,0.5,Oswald Peraza,672724.0
841433,Trevor Megill,656730,R,SL,1,2,0.5,Oswald Peraza,672724.0
841434,Trevor Megill,656730,L,CU,3,8,0.375,Oswaldo Cabrera,665828.0
841435,Trevor Megill,656730,L,FF,5,8,0.625,Oswaldo Cabrera,665828.0
841436,Trevor Megill,656730,R,CU,3,8,0.375,Otto Lopez,672640.0
841437,Trevor Megill,656730,R,FF,5,8,0.625,Otto Lopez,672640.0
841438,Trevor Megill,656730,L,CU,10,27,0.37037037037037035,Ozzie Albies,645277.0
841439,Trevor Megill,656730,L,FF,16,27,0.5925925925925926,Ozzie Albies,645277.0
841440,Trevor Megill,656730,L,SL,1,27,0.037037037037037035,Ozzie Albies,645277.0
841441,Trevor Megill,656730,L,CU,4,17,0.23529411764705882,Patrick Bailey,672275.0
841442,Trevor Megill,656730,L,FF,13,17,0.7647058823529411,Patrick Bailey,672275.0
841443,Trevor Megill,656730,R,CU,1,5,0.2,Patrick Wisdom,621550.0
841444,Trevor Megill,656730,R,FF,4,5,0.8,Patrick Wisdom,621550.0
841445,Trevor Megill,656730,R,CU,1,4,0.25,Paul DeJong,657557.0
841446,Trevor Megill,656730,R,FF,2,4,0.5,Paul DeJong,657557.0
841447,Trevor Megill,656730,R,SI,1,4,0.25,Paul DeJong,657557.0
841448,Trevor Megill,656730,R,CU,10,25,0.4,Paul Goldschmidt,502671.0
841449,Trevor Megill,656730,R,FF,15,25,0.6,Paul Goldschmidt,502671.0
841450,Trevor Megill,656730,L,CU,3,16,0.1875,Pavin Smith,656976.0
841451,Trevor Megill,656730,L,FF,11,16,0.6875,Pavin Smith,656976.0
841452,Trevor Megill,656730,L,SI,2,16,0.125,Pavin Smith,656976.0
841453,Trevor Megill,656730,R,CU,4,6,0.6666666666666666,Pedro Pages,686780.0
841454,Trevor Megill,656730,R,FF,2,6,0.3333333333333333,Pedro Pages,686780.0
841455,Trevor Megill,656730,R,CU,1,6,0.16666666666666666,Pete Alonso,624413.0
841456,Trevor Megill,656730,R,FF,5,6,0.8333333333333334,Pete Alonso,624413.0
841457,Trevor Megill,656730,L,CU,2,6,0.3333333333333333,Pete Crow-Armstrong,691718.0
841458,Trevor Megill,656730,L,FF,4,6,0.6666666666666666,Pete Crow-Armstrong,691718.0
841459,Trevor Megill,656730,L,CU,5,12,0.4166666666666667,Rafael Devers,646240.0
841460,Trevor Megill,656730,L,FF,7,12,0.5833333333333334,Rafael Devers,646240.0
841461,Trevor Megill,656730,R,CU,1,4,0.25,Ramon Laureano,657656.0
841462,Trevor Megill,656730,R,FF,3,4,0.75,Ramon Laureano,657656.0
841463,Trevor Megill,656730,R,CU,2,4,0.5,Randal Grichuk,545341.0
841464,Trevor Megill,656730,R,FF,2,4,0.5,Randal Grichuk,545341.0
841465,Trevor Megill,656730,R,CU,2,4,0.5,Randy Arozarena,668227.0
841466,Trevor Megill,656730,R,FF,2,4,0.5,Randy Arozarena,668227.0
841467,Trevor Megill,656730,L,FF,4,4,1.0,Reese McGuire,624512.0
841468,Trevor Megill,656730,L,CU,3,5,0.6,Richie Palacios,680700.0
841469,Trevor Megill,656730,L,FF,2,5,0.4,Richie Palacios,680700.0
841470,Trevor Megill,656730,L,CU,1,2,0.5,Riley Greene,682985.0
841471,Trevor Megill,656730,L,FF,1,2,0.5,Riley Greene,682985.0
841472,Trevor Megill,656730,R,CU,4,8,0.5,Rob Refsnyder,608701.0
841473,Trevor Megill,656730,R,FF,4,8,0.5,Rob Refsnyder,608701.0
841474,Trevor Megill,656730,L,CU,1,6,0.16666666666666666,Robbie Grossman,543257.0
841475,Trevor Megill,656730,L,FF,4,6,0.6666666666666666,Robbie Grossman,543257.0
841476,Trevor Megill,656730,L,SL,1,6,0.16666666666666666,Robbie Grossman,543257.0
841477,Trevor Megill,656730,R,SL,3,3,1.0,Romy Gonzalez,663853.0
841478,Trevor Megill,656730,R,CU,2,5,0.4,Ronald Acuna Jr.,660670.0
841479,Trevor Megill,656730,R,FF,3,5,0.6,Ronald Acuna Jr.,660670.0
841480,Trevor Megill,656730,L,CU,1,4,0.25,Rowdy Tellez,642133.0
841481,Trevor Megill,656730,L,FF,3,4,0.75,Rowdy Tellez,642133.0
841482,Trevor Megill,656730,R,FF,4,4,1.0,Royce Lewis,668904.0
841483,Trevor Megill,656730,R,CU,6,10,0.6,Ryan Jeffers,680777.0
841484,Trevor Megill,656730,R,FF,4,10,0.4,Ryan Jeffers,680777.0
841485,Trevor Megill,656730,L,CU,6,16,0.375,Ryan McMahon,641857.0
841486,Trevor Megill,656730,L,FF,10,16,0.625,Ryan McMahon,641857.0
841487,Trevor Megill,656730,R,CU,2,5,0.4,Ryan Mountcastle,663624.0
841488,Trevor Megill,656730,R,FF,3,5,0.6,Ryan Mountcastle,663624.0
841489,Trevor Megill,656730,L,FF,2,2,1.0,Ryan Noda,676116.0
841490,Trevor Megill,656730,L,CU,3,4,0.75,Ryan O'Hearn,656811.0
841491,Trevor Megill,656730,L,FF,1,4,0.25,Ryan O'Hearn,656811.0
841492,Trevor Megill,656730,L,CU,2,6,0.3333333333333333,Sam Hilliard,656541.0
841493,Trevor Megill,656730,L,FF,4,6,0.6666666666666666,Sam Hilliard,656541.0
841494,Trevor Megill,656730,L,CU,1,4,0.25,Sandy Leon,506702.0
841495,Trevor Megill,656730,L,FF,2,4,0.5,Sandy Leon,506702.0
841496,Trevor Megill,656730,L,SL,1,4,0.25,Sandy Leon,506702.0
841497,Trevor Megill,656730,R,CU,6,20,0.3,Santiago Espinal,669289.0
841498,Trevor Megill,656730,R,FF,14,20,0.7,Santiago Espinal,669289.0
841499,Trevor Megill,656730,R,CU,4,6,0.6666666666666666,Sean Murphy,669221.0
841500,Trevor Megill,656730,R,FF,2,6,0.3333333333333333,Sean Murphy,669221.0
841501,Trevor Megill,656730,R,CU,1,7,0.14285714285714285,Sebastian Rivero,665861.0
841502,Trevor Megill,656730,R,FF,6,7,0.8571428571428571,Sebastian Rivero,665861.0
841503,Trevor Megill,656730,R,CU,4,13,0.3076923076923077,Seby Zavala,664874.0
841504,Trevor Megill,656730,R,FF,8,13,0.6153846153846154,Seby Zavala,664874.0
841505,Trevor Megill,656730,R,SL,1,13,0.07692307692307693,Seby Zavala,664874.0
841506,Trevor Megill,656730,R,CU,6,19,0.3157894736842105,Seiya Suzuki,673548.0
841507,Trevor Megill,656730,R,FF,13,19,0.6842105263157895,Seiya Suzuki,673548.0
841508,Trevor Megill,656730,R,CU,2,12,0.16666666666666666,Shea Langeliers,669127.0
841509,Trevor Megill,656730,R,FF,10,12,0.8333333333333334,Shea Langeliers,669127.0
841510,Trevor Megill,656730,L,CU,4,14,0.2857142857142857,Shohei Ohtani,660271.0
841511,Trevor Megill,656730,L,FF,8,14,0.5714285714285714,Shohei Ohtani,660271.0
841512,Trevor Megill,656730,L,SL,2,14,0.14285714285714285,Shohei Ohtani,660271.0
841513,Trevor Megill,656730,L,CU,4,13,0.3076923076923077,Spencer Horwitz,687462.0
841514,Trevor Megill,656730,L,FF,9,13,0.6923076923076923,Spencer Horwitz,687462.0
841515,Trevor Megill,656730,R,CU,9,18,0.5,Spencer Steer,668715.0
841516,Trevor Megill,656730,R,FF,9,18,0.5,Spencer Steer,668715.0
841517,Trevor Megill,656730,R,CU,2,5,0.4,Spencer Torkelson,679529.0
841518,Trevor Megill,656730,R,FF,3,5,0.6,Spencer Torkelson,679529.0
841519,Trevor Megill,656730,R,CU,2,8,0.25,Starling Marte,516782.0
841520,Trevor Megill,656730,R,FF,4,8,0.5,Starling Marte,516782.0
841521,Trevor Megill,656730,R,SI,2,8,0.25,Starling Marte,516782.0
841522,Trevor Megill,656730,L,FF,4,4,1.0,Steven Duggar,621453.0
841523,Trevor Megill,656730,R,CU,1,11,0.09090909090909091,Stuart Fairchild,656413.0
841524,Trevor Megill,656730,R,FF,10,11,0.9090909090909091,Stuart Fairchild,656413.0
841525,Trevor Megill,656730,L,CU,3,15,0.2,TJ Friedl,670770.0
841526,Trevor Megill,656730,L,FF,12,15,0.8,TJ Friedl,670770.0
841527,Trevor Megill,656730,R,CU,1,2,0.5,TJ Hopkins,686759.0
841528,Trevor Megill,656730,R,FF,1,2,0.5,TJ Hopkins,686759.0
841529,Trevor Megill,656730,L,CU,2,3,0.6666666666666666,Taylor Trammell,666211.0
841530,Trevor Megill,656730,L,FF,1,3,0.3333333333333333,Taylor Trammell,666211.0
841531,Trevor Megill,656730,L,CU,1,3,0.3333333333333333,Taylor Walls,670764.0
841532,Trevor Megill,656730,L,FF,2,3,0.6666666666666666,Taylor Walls,670764.0
841533,Trevor Megill,656730,R,CU,1,15,0.06666666666666667,Taylor Ward,621493.0
841534,Trevor Megill,656730,R,FF,7,15,0.4666666666666667,Taylor Ward,621493.0
841535,Trevor Megill,656730,R,SL,7,15,0.4666666666666667,Taylor Ward,621493.0
841536,Trevor Megill,656730,R,CU,3,7,0.42857142857142855,Teoscar Hernandez,606192.0
841537,Trevor Megill,656730,R,FF,2,7,0.2857142857142857,Teoscar Hernandez,606192.0
841538,Trevor Megill,656730,R,SL,2,7,0.2857142857142857,Teoscar Hernandez,606192.0
841539,Trevor Megill,656730,R,FF,8,8,1.0,Thairo Estrada,642731.0
841540,Trevor Megill,656730,R,CU,6,17,0.35294117647058826,Tim Anderson,641313.0
841541,Trevor Megill,656730,R,FF,11,17,0.6470588235294118,Tim Anderson,641313.0
841542,Trevor Megill,656730,L,CU,3,9,0.3333333333333333,Tommy Edman,669242.0
841543,Trevor Megill,656730,L,FF,6,9,0.6666666666666666,Tommy Edman,669242.0
841544,Trevor Megill,656730,R,CU,1,3,0.3333333333333333,Tommy Edman,669242.0
841545,Trevor Megill,656730,R,FF,2,3,0.6666666666666666,Tommy Edman,669242.0
841546,Trevor Megill,656730,L,CU,2,5,0.4,Tommy La Stella,600303.0
841547,Trevor Megill,656730,L,FF,2,5,0.4,Tommy La Stella,600303.0
841548,Trevor Megill,656730,L,SL,1,5,0.2,Tommy La Stella,600303.0
841549,Trevor Megill,656730,R,CU,3,12,0.25,Tommy Pham,502054.0
841550,Trevor Megill,656730,R,FF,8,12,0.6666666666666666,Tommy Pham,502054.0
841551,Trevor Megill,656730,R,SL,1,12,0.08333333333333333,Tommy Pham,502054.0
841552,Trevor Megill,656730,L,CU,7,17,0.4117647058823529,Travis Jankowski,608671.0
841553,Trevor Megill,656730,L,FF,9,17,0.5294117647058824,Travis Jankowski,608671.0
841554,Trevor Megill,656730,L,SL,1,17,0.058823529411764705,Travis Jankowski,608671.0
841555,Trevor Megill,656730,R,CU,3,14,0.21428571428571427,Travis d'Arnaud,518595.0
841556,Trevor Megill,656730,R,FF,10,14,0.7142857142857143,Travis d'Arnaud,518595.0
841557,Trevor Megill,656730,R,SL,1,14,0.07142857142857142,Travis d'Arnaud,518595.0
841558,Trevor Megill,656730,R,CU,5,13,0.38461538461538464,Trea Turner,607208.0
841559,Trevor Megill,656730,R,FF,7,13,0.5384615384615384,Trea Turner,607208.0
841560,Trevor Megill,656730,R,SL,1,13,0.07692307692307693,Trea Turner,607208.0
841561,Trevor Megill,656730,L,CU,2,7,0.2857142857142857,Trent Grisham,663757.0
841562,Trevor Megill,656730,L,FF,5,7,0.7142857142857143,Trent Grisham,663757.0
841563,Trevor Megill,656730,L,CU,4,8,0.5,Trevor Larnach,663616.0
841564,Trevor Megill,656730,L,FF,4,8,0.5,Trevor Larnach,663616.0
841565,Trevor Megill,656730,R,CU,1,9,0.1111111111111111,Trevor Story,596115.0
841566,Trevor Megill,656730,R,FF,7,9,0.7777777777777778,Trevor Story,596115.0
841567,Trevor Megill,656730,R,SL,1,9,0.1111111111111111,Trevor Story,596115.0
841568,Trevor Megill,656730,R,FF,2,3,0.6666666666666666,Trey Mancini,641820.0
841569,Trevor Megill,656730,R,SL,1,3,0.3333333333333333,Trey Mancini,641820.0
841570,Trevor Megill,656730,L,CU,1,5,0.2,Trey Sweeney,700242.0
841571,Trevor Megill,656730,L,FF,4,5,0.8,Trey Sweeney,700242.0
841572,Trevor Megill,656730,L,CU,2,10,0.2,Tucker Barnhart,571466.0
841573,Trevor Megill,656730,L,FF,6,10,0.6,Tucker Barnhart,571466.0
841574,Trevor Megill,656730,L,SL,2,10,0.2,Tucker Barnhart,571466.0
841575,Trevor Megill,656730,L,FF,4,4,1.0,Tyler Heineman,623168.0
841576,Trevor Megill,656730,L,CU,1,4,0.25,Tyler Naquin,571980.0
841577,Trevor Megill,656730,L,FF,2,4,0.5,Tyler Naquin,571980.0
841578,Trevor Megill,656730,L,SI,1,4,0.25,Tyler Naquin,571980.0
841579,Trevor Megill,656730,R,CU,4,11,0.36363636363636365,Tyler O'Neill,641933.0
841580,Trevor Megill,656730,R,FF,7,11,0.6363636363636364,Tyler O'Neill,641933.0
841581,Trevor Megill,656730,L,CU,1,1,1.0,Tyler Soderstrom,691016.0
841582,Trevor Megill,656730,R,CU,2,7,0.2857142857142857,Tyler Stephenson,663886.0
841583,Trevor Megill,656730,R,FF,5,7,0.7142857142857143,Tyler Stephenson,663886.0
841584,Trevor Megill,656730,L,CU,2,4,0.5,Tyler Wade,642180.0
841585,Trevor Megill,656730,L,FF,2,4,0.5,Tyler Wade,642180.0
841586,Trevor Megill,656730,R,CU,2,8,0.25,Tyrone Taylor,621438.0
841587,Trevor Megill,656730,R,FF,5,8,0.625,Tyrone Taylor,621438.0
841588,Trevor Megill,656730,R,SL,1,8,0.125,Tyrone Taylor,621438.0
841589,Trevor Megill,656730,L,CU,2,10,0.2,Victor Caratini,605170.0
841590,Trevor Megill,656730,L,FF,8,10,0.8,Victor Caratini,605170.0
841591,Trevor Megill,656730,L,CU,5,11,0.45454545454545453,Victor Scott II,687363.0
841592,Trevor Megill,656730,L,FF,6,11,0.5454545454545454,Victor Scott II,687363.0
841593,Trevor Megill,656730,L,CU,2,6,0.3333333333333333,Vidal Brujan,660644.0
841594,Trevor Megill,656730,L,FF,4,6,0.6666666666666666,Vidal Brujan,660644.0
841595,Trevor Megill,656730,L,CU,2,10,0.2,Vinnie Pasquantino,686469.0
841596,Trevor Megill,656730,L,FF,7,10,0.7,Vinnie Pasquantino,686469.0
841597,Trevor Megill,656730,L,SL,1,10,0.1,Vinnie Pasquantino,686469.0
841598,Trevor Megill,656730,R,FF,6,11,0.5454545454545454,Vladimir Guerrero Jr.,665489.0
841599,Trevor Megill,656730,R,SL,5,11,0.45454545454545453,Vladimir Guerrero Jr.,665489.0
841600,Trevor Megill,656730,L,FF,1,1,1.0,Wade Miley,489119.0
841601,Trevor Megill,656730,L,CU,1,1,1.0,Wander Franco,677551.0
841602,Trevor Megill,656730,R,CU,5,13,0.38461538461538464,Whit Merrifield,593160.0
841603,Trevor Megill,656730,R,FF,5,13,0.38461538461538464,Whit Merrifield,593160.0
841604,Trevor Megill,656730,R,SL,3,13,0.23076923076923078,Whit Merrifield,593160.0
841605,Trevor Megill,656730,L,CU,5,12,0.4166666666666667,Will Benson,666181.0
841606,Trevor Megill,656730,L,FF,7,12,0.5833333333333334,Will Benson,666181.0
841607,Trevor Megill,656730,L,CU,1,3,0.3333333333333333,Will Brennan,686823.0
841608,Trevor Megill,656730,L,FF,2,3,0.6666666666666666,Will Brennan,686823.0
841609,Trevor Megill,656730,R,CU,3,23,0.13043478260869565,Will Smith,669257.0
841610,Trevor Megill,656730,R,FF,16,23,0.6956521739130435,Will Smith,669257.0
841611,Trevor Megill,656730,R,SL,4,23,0.17391304347826086,Will Smith,669257.0
841612,Trevor Megill,656730,L,CU,2,5,0.4,Willi Castro,650489.0
841613,Trevor Megill,656730,L,FF,3,5,0.6,Willi Castro,650489.0
841614,Trevor Megill,656730,R,CU,4,8,0.5,Willson Contreras,575929.0
841615,Trevor Megill,656730,R,FF,4,8,0.5,Willson Contreras,575929.0
841616,Trevor Megill,656730,R,CU,2,10,0.2,Willy Adames,642715.0
841617,Trevor Megill,656730,R,FF,8,10,0.8,Willy Adames,642715.0
841618,Trevor Megill,656730,L,CU,3,5,0.6,Wilmer Difo,594694.0
841619,Trevor Megill,656730,L,FF,1,5,0.2,Wilmer Difo,594694.0
841620,Trevor Megill,656730,L,SI,1,5,0.2,Wilmer Difo,594694.0
841621,Trevor Megill,656730,R,CU,5,14,0.35714285714285715,Wilmer Flores,527038.0
841622,Trevor Megill,656730,R,FF,6,14,0.42857142857142855,Wilmer Flores,527038.0
841623,Trevor Megill,656730,R,SI,1,14,0.07142857142857142,Wilmer Flores,527038.0
841624,Trevor Megill,656730,R,SL,2,14,0.14285714285714285,Wilmer Flores,527038.0
841625,Trevor Megill,656730,R,CU,2,18,0.1111111111111111,Xander Bogaerts,593428.0
841626,Trevor Megill,656730,R,FF,12,18,0.6666666666666666,Xander Bogaerts,593428.0
841627,Trevor Megill,656730,R,SL,4,18,0.2222222222222222,Xander Bogaerts,593428.0
841628,Trevor Megill,656730,L,CU,4,19,0.21052631578947367,Xavier Edwards,669364.0
841629,Trevor Megill,656730,L,FF,15,19,0.7894736842105263,Xavier Edwards,669364.0
841630,Trevor Megill,656730,R,CU,2,11,0.18181818181818182,Yadier Molina,425877.0
841631,Trevor Megill,656730,R,FF,7,11,0.6363636363636364,Yadier Molina,425877.0
841632,Trevor Megill,656730,R,SL,2,11,0.18181818181818182,Yadier Molina,425877.0
841633,Trevor Megill,656730,R,CU,2,5,0.4,Yainer Diaz,673237.0
841634,Trevor Megill,656730,R,FF,3,5,0.6,Yainer Diaz,673237.0
841635,Trevor Megill,656730,L,CU,1,11,0.09090909090909091,Yasmani Grandal,518735.0
841636,Trevor Megill,656730,L,FF,7,11,0.6363636363636364,Yasmani Grandal,518735.0
841637,Trevor Megill,656730,L,SL,3,11,0.2727272727272727,Yasmani Grandal,518735.0
841638,Trevor Megill,656730,L,CU,1,7,0.14285714285714285,Yoan Moncada,660162.0
841639,Trevor Megill,656730,L,FF,6,7,0.8571428571428571,Yoan Moncada,660162.0
841640,Trevor Megill,656730,R,FF,2,2,1.0,Yonathan Daza,602074.0
841641,Trevor Megill,656730,L,CU,2,6,0.3333333333333333,Yordan Alvarez,670541.0
841642,Trevor Megill,656730,L,FF,2,6,0.3333333333333333,Yordan Alvarez,670541.0
841643,Trevor Megill,656730,L,SL,2,6,0.3333333333333333,Yordan Alvarez,670541.0
841644,Trevor Megill,656730,L,CU,2,5,0.4,Yoshi Tsutsugo,660294.0
841645,Trevor Megill,656730,L,FF,2,5,0.4,Yoshi Tsutsugo,660294.0
841646,Trevor Megill,656730,L,SI,1,5,0.2,Yoshi Tsutsugo,660294.0
841647,Trevor Megill,656730,R,CU,1,3,0.3333333333333333,Yuli Gurriel,493329.0
841648,Trevor Megill,656730,R,FF,2,3,0.6666666666666666,Yuli Gurriel,493329.0
841649,Trevor Megill,656730,R,CU,1,4,0.25,Zach Remillard,621545.0
841650,Trevor Megill,656730,R,FF,3,4,0.75,Zach Remillard,621545.0
